the;155
and;147
a;120
english;111
to;111
emma;89
really;86
learn;83
jerry;81
stories;69
”;68
1;66
it;64
0;64
you;57
for;53
of;53
short;51
she;50
is;49
false;48
http;46
free;39
true;38
movies;37
utm;36
source;36
newsletter;36
signup&utm;36
medium;36
pdf&utm;36
campaign;36
in;36
javascript;33
void;33
i;32
exercises;32
//www;29
they;28
tenses;28
2;27
what;27
com;26
he;26
like;26
practice;25
www;24
this;24
com/;23
];23
copyright;22
©;21
2011;21
main;21
do;21
birthday;21
watch;21
movie;21
[;21
site;20
footer;20
have;20
are;20
about;20
sneakers;20
sentences;20
not;19
pair;19
with;18
at;18
him;18
pages;18
will;17
//store;17
as;17
horror;16
don’t;16
•;16
mary;15
we;14
store;14
sentence;14
simple;14
can;13
on;13
following;13
thinks;13
perfect;13
her;12
story;12
must;12
secret;12
know;12
out;12
carefully;12
go;12
4;12
negative;12
positive;12
later;12
progressive;12
get;11
com/products/english;11
so;11
present;11
happy;11
love;11
booklet;10
5;10
my;10
very;10
jerry’s;10
wants;10
his;10
doesn’t;10
calls;10
guess;10
3;10
likes;10
our;9
surprise;9
husband;9
wife;9
does;9
box;9
com/products/stories;9
book;8
all;8
right;8
if;8
“i;8
“oh;8
each;8
“well;8
didn’t;8
did;8
one;8
best;8
series;8
256;8
beginners;7
second;7
or;7
use;7
that;7
be;7
plan;7
other;7
off;7
make;7
listen;7
vocabulary;7
questions;7
romantic;7
again;7
were;7
click;7
students;7
books;7
pdf;7
these;6
it’s;6
but;6
keep;6
actually;6
listens;6
says;6
need;6
“hmm;6
said;6
well;6
question;6
turn;6
into;6
answer;6
essay;6
writing;6
hates;6
silly;6
home;6
goodness;6
there;6
five;6
was;6
here;6
digital;6
form;6
modal;6
verbs;6
https;6
//api;6
addthis;6
com/oexchange/0;6
url;6
com/english;6
html&pubid;6
ra;6
521a26fd6fb6b56a&ct;6
1&title;6
english%20short%20stories%20booklet%20%2b%20exercises;6
adobe;6
may;5
from;5
time;5
an;5
special;5
has;5
how;5
no;5
their;5
see;5
surprised;5
mixed;5
up;5
should;5
comprehension;5
fear;5
blood;5
comes;5
come;5
me;5
new;5
hours;5
theater;5
minutes;5
running;5
when;5
much;5
then;5
your;5
many;5
sellers;5
hope;4
find;4
full;4
version;4
website;4
who;4
any;4
way;4
big;4
problem;4
whole;4
week;4
something;4
“that’s;4
herself;4
starts;4
room;4
finally;4
6;4
moment;4
colorful;4
paper;4
takes;4
seem;4
could;4
too;4
words;4
8;4
grammar—sentence;4
structure;4
grammar—questions;4
buy;4
same;4
endings;4
amazing;4
“which;4
sound;4
bit;4
course;4
seems;4
laughs;4
say;4
let’s;4
two;4
sitting;4
bathroom;4
meant;4
’;4
think;4
fantastic;4
agrees;4
kinds;4
volume;4
resources;4
teachers;4
/hsamples;4
/qfactor;4
15000;4
/vsamples;4
300;4
/quality;4
30;4
/tileheight;4
/tilewidth;4
/namespace;4
first;3
useful;3
team;3
ola;3
zur;3
copy;3
however;3
only;3
oh;3
tomorrow;3
gift;3
everything;3
clues;3
talk;3
needs;3
sister;3
law;3
ask;3
would;3
conversation;3
chat;3
upcoming;3
rushes;3
shop;3
buys;3
shiny;3
size;3
complete;3
today;3
waits;3
until;3
dinner;3
night;3
wonder;3
yourself;3
tell;3
speakers;3
10;3
want;3
why;3
ever;3
never;3
hand;3
couples;3
“of;3
throw;3
going;3
together;3
answers;3
wait;3
boy;3
meets;3
girl;3
fall;3
eats;3
high;3
written;3
tense;3
past;3
future;3
illustrated;3
activities;3
80;3
50000;3
/bicubic;3
/ok;3
chapters;2
workbook;2
others;2
remains;2
intact;2
altered;2
include;2
com/collections/all;2
table;2
contents;2
16;2
summer;2
approaching;2
give;2
cannot;2
decides;2
technique;2
while;2
pretends;2
things;2
subject;2
passes;2
mention;2
“jerry’s;2
i’m;2
taking;2
gloves;2
call;2
receive;2
without;2
knowing;2
scheme;2
planned;2
nice;2
hears;2
wants—a;2
“all;2
excitement;2
runs;2
quiet;2
blame;2
exactly;2
she’s;2
arrives;2
brings;2
wrapped;2
“wow;2
smile;2
“open;2
replies;2
happily;2
tears;2
opens;2
lovely;2
notices;2
wrong;2
“what’s;2
matter;2
look;2
shoe;2
wanted;2
asks;2
“a;2
laugh;2
1—surprise;2
original;2
over;2
fill;2
blanks;2
below;2
put;2
line;2
correct;2
order;2
logical;2
7;2
9;2
remember;2
help;2
write;2
decide;2
tiny;2
boring;2
such;2
different;2
tastes;2
“jerry;2
“the;2
bloody;2
ax;2
weird;2
screaming;2
‘amazing;2
“it’s;2
ok;2
few;2
days;2
“emma;2
“listen;2
“sun;2
completely;2
stiff;2
away;2
terror;2
looks;2
“what;2
2—oh;2
liked;2
more;2
interest/low;2
types;2
grammar;2
stories2;2
rules;2
76;2
64;2
using;2
student;2
teacher;2
concentrate;2
reading;2
practicing;2
46;2
step;2
by;2
able;2
final;2
test;2
materials;2
teaching;2
create;2
effective;2
learning;2
created;2
results;2
contact;2
com/pages/contact;2
%20fun%20stor;2
/none;2
srgb;2
iec61966;2
/jpeg;2
/dctencode;2
[based;2
documents;2
1200;2
/documentcmyk;2
2016;1
thanks;1
downloading;1
includes;1
most;1
online;1
&;1
edition;1
2015;1
rights;1
reserved;1
edit;1
resell;1
claim;1
ownership;1
pass;1
along;1
benefit;1
print;1
distribute;1
freely;1
condition;1
wish;1
upload;1
blog;1
conditions;1
link;1
credit;1
back;1
webpage;1
where;1
published;1
sole;1
owner;1
change;1
revoke;1
permissions;1
own;1
discretion;1
item;1
3847520941;1
included;1
dear;1
unexpected;1
hitchhiker;1
royalty;1
food;1
card;1
wedding;1
dead;1
washing;1
machine;1
family;1
meeting;1
5english;1
7english;1
9english;1
11english;1
truth;1
wonders;1
inside;1
emma’s;1
flowers;1
12;1
13english;1
someone;1
received;1
14;1
15english;1
‘fantastic;1
17english;1
“;1
’fantastic;1
18;1
19english;1
listened;1
couldn’t;1
excited;1
confused;1
20;1
bored;1
tickets;1
decided;1
long;1
run;1
21english;1
happens;1
watches;1
solution;1
suggests;1
22;1
feel;1
watching;1
partner/friend;1
don;1
t;1
110;1
"english;1
stories";1
married;1
couple;1
funny;1
everyday;1
situations;1
through;1
accompanying;1
208;1
unique;1
additional;1
speech;1
75;1
85;1
speaking;1
dialogues;1
workbooks;1
teach;1
corresponding;1
semi;1
60;1
might;1
ought;1
had;1
better;1
shall;1
54;1
categories;1
review;1
40;1
teacher’s;1
guide;1
15;1
key;1
70;1
examples;1
serve;1
lesson;1
plans;1
homework;1
class;1
role;1
play;1
tests;1
quizzes;1
name;1
am;1
creator;1
used;1
knowledge;1
years;1
experience;1
expertise;1
creating;1
yet;1
aids;1
myself;1
expert;1
writers;1
piloted;1
tested;1
designed;1
improve;1
process;1
save;1
searching;1
suitable;1
them;1
achieve;1
addition;1
download;1
instantly;1
printable;1
known;1
loved;1
around;1
world;1
us;1
share;1
8/forward/facebook/offer;1
8/forward/google;1
plusone;1
share/offer;1
%20;1
8/forward/twitter/offer;1
%20fun%20stori;1
8/forward/pinterest/offer;1
%20fun%20sto;1
8/forward/linkedin/offer;1
8/forward/email/offer;1
%20fun%20stories;1
/ascii85encodepages;1
/allowpsxobjects;1
/allowtransparency;1
/alwaysembed;1
/antialiascolorimages;1
/antialiasgrayimages;1
/antialiasmonoimages;1
/autofiltercolorimages;1
/autofiltergrayimages;1
/autopositionepsfiles;1
/autorotatepages;1
/binding;1
/left;1
/calcmykprofile;1
u;1
s;1
web;1
coated;1
\050swop\051;1
v2;1
/calgrayprofile;1
dot;1
gain;1
20%;1
/calrgbprofile;1
/cannotembedfontpolicy;1
/warning;1
/checkcompliance;1
/coloracsimagedict;1
/colorconversionstrategy;1
/cmyk;1
/colorimageautofilterstrategy;1
/colorimagedepth;1
/colorimagedict;1
/colorimagedownsamplethreshold;1
/colorimagedownsampletype;1
/colorimagefilter;1
/colorimagemindownsampledepth;1
/colorimageminresolution;1
/colorimageminresolutionpolicy;1
/colorimageresolution;1
/colorsettingsfile;1
/compatibilitylevel;1
/compressobjects;1
/tags;1
/compresspages;1
/convertimagestoindexed;1
/createjdffile;1
/createjobticket;1
/cropcolorimages;1
/cropgrayimages;1
/cropmonoimages;1
/dscreportinglevel;1
/defaultrenderingintent;1
/default;1
/description;1
/enu;1
press;1
links;1
[press;1
quality];1
settings;1
suited;1
quality;1
prepress;1
printing;1
opened;1
acrobat;1
reader;1
/detectblends;1
/detectcurves;1
/dothumbnails;1
/downsamplecolorimages;1
/downsamplegrayimages;1
/downsamplemonoimages;1
/embedallfonts;1
/embedjoboptions;1
/embedopentype;1
/emitdscwarnings;1
/encodecolorimages;1
/encodegrayimages;1
/encodemonoimages;1
/endpage;1
/grayacsimagedict;1
/grayimageautofilterstrategy;1
/grayimagedepth;1
/grayimagedict;1
/grayimagedownsamplethreshold;1
/grayimagedownsampletype;1
/grayimagefilter;1
/grayimagemindownsampledepth;1
/grayimageminresolution;1
/grayimageminresolutionpolicy;1
/grayimageresolution;1
/imagememory;1
1048576;1
/jpeg2000coloracsimagedict;1
/jpeg2000colorimagedict;1
/jpeg2000grayacsimagedict;1
/jpeg2000grayimagedict;1
/lockdistillerparams;1
/magnification;1
/fitpage;1
/maxsubsetpct;1
100;1
/monoimagedepth;1
/monoimagedict;1
/k;1
/monoimagedownsamplethreshold;1
/monoimagedownsampletype;1
/monoimagefilter;1
/ccittfaxencode;1
/monoimageminresolution;1
/monoimageminresolutionpolicy;1
/monoimageresolution;1
common;1
/neverembed;1
/opm;1
/optimize;1
/othernamespaces;1
/asreaderspreads;1
/cropimagestoframes;1
/errorcontrol;1
/warnandcontinue;1
/flattenerignorespreadoverrides;1
/includeguidesgrids;1
/includenonprinting;1
/includeslug;1
indesign;1
/omitplacedbitmaps;1
/omitplacedeps;1
/omitplacedpdf;1
/simulateoverprint;1
/legacy;1
/addbleedmarks;1
/addcolorbars;1
/addcropmarks;1
/addpageinfo;1
/addregmarks;1
/bleedoffset;1
/convertcolors;1
/converttocmyk;1
/destinationprofilename;1
/destinationprofileselector;1
/downsample16bitimages;1
/flattenerpreset;1
/presetselector;1
/mediumresolution;1
/formelements;1
/generatestructure;1
/includebookmarks;1
/includehyperlinks;1
/includeinteractive;1
/includelayers;1
/includeprofiles;1
/marksoffset;1
/marksweight;1
25000;1
/multimediahandling;1
/useobjectsettings;1
creativesuite;1
/pdfxoutputintentprofileselector;1
/pagemarksfile;1
/romandefault;1
/preserveediting;1
/untaggedcmykhandling;1
/leaveuntagged;1
/untaggedrgbhandling;1
/usedocumentprofile;1
/usedocumentbleed;1
/allowimagebreaks;1
/allowtablebreaks;1
/expandpage;1
/honorbaseurl;1
/honorrollovereffect;1
/ignorehtmlpagebreaks;1
/includeheaderfooter;1
/marginoffset;1
/metadataauthor;1
/metadatakeywords;1
/metadatasubject;1
/metadatatitle;1
/metricpagesize;1
/metricunit;1
/inch;1
/mobilecompatible;1
golive;1
/openzoomtohtmlfontsize;1
/pageorientation;1
/portrait;1
/removebackground;1
/shrinkcontent;1
/treatcolorsas;1
/mainmonitorcolors;1
/useembeddedprofiles;1
/usehtmltitleasmetadata;1
/pdfx1acheck;1
/pdfx3check;1
/pdfxbleedboxtotrimboxoffset;1
/pdfxcompliantpdfonly;1
/pdfxnotrimboxerror;1
/pdfxoutputcondition;1
/pdfxoutputconditionidentifier;1
/pdfxoutputintentprofile;1
/pdfxregistryname;1
/pdfxsetbleedboxtomediabox;1
/pdfxtrapped;1
/false;1
/pdfxtrimboxtomediaboxoffset;1
/pagelayout;1
/singlepage;1
/parsedsccomments;1
/parsedsccommentsfordocinfo;1
/parseiccprofilesincomments;1
/passthroughjpegimages;1
/preservecopypage;1
/preservedicmykvalues;1
/preserveepsinfo;1
/preserveflatness;1
/preservehalftoneinfo;1
/preserveopicomments;1
/preserveoverprintsettings;1
/startpage;1
/subsetfonts;1
/transferfunctioninfo;1
/apply;1
/ucrandbginfo;1
/preserve;1
/useprologue;1
/srgbprofile;1
setdistillerparams;1
/hwresolution;1
[2400;1
2400];1
/pagesize;1
[612;1
000;1
792;1
000];1
setpagedevice;1
