ac;7
sit;5
amet;5
column;5
lorem;4
ipsum;4
vitae;4
condimentum;4
maecenas;4
nulla;4
mauris;4
4;4
a;4
i;4
nunc;3
ligula;3
ut;3
nec;3
vulputate;3
non;3
est;3
semper;3
justo;3
fringilla;3
morbi;3
tellus;3
dolor;2
elit;2
odio;2
neque;2
congue;2
molestie;2
varius;2
nullam;2
arcu;2
lacinia;2
ex;2
convallis;2
felis;2
et;2
iaculis;2
blandit;2
ante;2
lobortis;2
in;2
quis;2
2;2
5;2
\;2
¥;2
consectetur;1
adipiscing;1
faucibus;1
vestibulum;1
massa;1
scelerisque;1
eu;1
mi;1
praesent;1
sem;1
at;1
porttitor;1
nisi;1
interdum;1
vivamus;1
dapibus;1
sodales;1
malesuada;1
cursus;1
sed;1
egestas;1
orci;1
diam;1
suscipit;1
curabitur;1
luctus;1
nisl;1
integer;1
libero;1
imperdiet;1
mollis;1
accumsan;1
vehicula;1
eget;1
tristique;1
tortor;1
risus;1
auctor;1
ullamcorper;1
tempus;1
lectus;1
purus;1
mattis;1
dictum;1
placerat;1
facilisi;1
aenean;1
aliquam;1
id;1
erat;1
facilisis;1
sagittis;1
viverra;1
tincidunt;1
efficitur;1
euismod;1
ornare;1
chart;1
table;1
1;1
3;1
photo;1
bo];1
i];1
f;1
x;1
ly;1
oth;1
r;1
sti;1
y;1
¢;1
al;1
57;1
wl;1
l;1
‘;1
hs;1
/;1
ye;1
mey;1
