ut;37
in;24
fringilla;24
sit;23
amet;23
vitae;23
lorem;21
id;21
ac;20
justo;20
quis;20
ipsum;19
aliquam;19
vel;18
pulvinar;18
pellentesque;18
neque;17
et;17
est;17
nunc;16
mauris;16
erat;16
efficitur;15
mi;14
maecenas;14
ante;14
velit;14
cras;13
fermentum;13
vestibulum;12
nulla;12
sed;11
vulputate;11
non;11
nisl;11
lobortis;11
imperdiet;11
eget;11
ligula;10
nec;10
iaculis;10
semper;10
morbi;10
a;10
dui;10
commodo;10
condimentum;9
libero;9
vehicula;9
lectus;9
mattis;9
viverra;9
eros;9
posuere;9
scelerisque;8
congue;8
varius;8
at;8
cursus;8
egestas;8
orci;8
blandit;8
tristique;8
auctor;8
tellus;8
dolor;7
nullam;7
arcu;7
lacinia;7
euismod;7
eleifend;7
volutpat;7
etiam;7
magna;7
luctus;6
purus;6
·;6
placerat;6
facilisis;6
sagittis;6
tincidunt;6
ornare;6
duis;6
pretium;6
ultricies;6
venenatis;6
dignissim;6
laoreet;6
per;6
sapien;6
eu;5
molestie;5
porttitor;5
vivamus;5
ex;5
mollis;5
tortor;5
ullamcorper;5
elit;4
odio;4
convallis;4
felis;4
sollicitudin;4
fusce;4
dictum;3
facilisi;3
aenean;3
donec;3
enim;3
lacus;3
maximus;3
metus;3
aliquet;3
quam;3
class;3
aptent;3
taciti;3
sociosqu;3
ad;3
litora;3
torquent;3
conubia;3
nostra;3
inceptos;3
himenaeos;3
urna;3
leo;3
suspendisse;3
turpis;3
consectetur;2
adipiscing;2
faucibus;2
massa;2
praesent;2
sem;2
nisi;2
interdum;2
dapibus;2
sodales;2
malesuada;2
diam;2
suscipit;2
curabitur;2
integer;2
accumsan;2
risus;2
tempus;2
4;2
5;2
1;1
2;1
3;1
b;1
&;1
mo;1
i;1
�;1
embed;1
libreoffice;1
chartdocument;1
1�;1
���;1
2147483647;1
unknown;1
