ut;222
in;162
fringilla;156
sit;150
amet;150
vitae;150
lorem;138
ipsum;132
ac;126
id;126
justo;120
quis;120
et;114
aliquam;114
mauris;108
vel;108
pulvinar;108
pellentesque;108
nunc;102
neque;102
est;102
maecenas;96
erat;96
velit;96
efficitur;90
mi;84
ante;84
cras;84
lobortis;78
fermentum;78
vestibulum;72
nulla;72
sed;66
vulputate;66
non;66
nisl;66
libero;66
imperdiet;66
eget;66
lectus;66
mattis;66
a;66
dui;66
commodo;66
ligula;60
nec;60
iaculis;60
semper;60
blandit;60
morbi;60
tellus;60
dolor;54
condimentum;54
vehicula;54
viverra;54
euismod;54
eros;54
posuere;54
eleifend;54
scelerisque;48
congue;48
varius;48
at;48
cursus;48
egestas;48
orci;48
tristique;48
auctor;48
purus;48
magna;48
nullam;42
arcu;42
lacinia;42
volutpat;42
etiam;42
elit;36
luctus;36
ï‚·;36
placerat;36
facilisis;36
sagittis;36
tincidunt;36
ornare;36
duis;36
pretium;36
ultricies;36
sollicitudin;36
venenatis;36
dignissim;36
laoreet;36
per;36
sapien;36
odio;30
eu;30
molestie;30
porttitor;30
vivamus;30
ex;30
mollis;30
tortor;30
ullamcorper;30
dictum;30
consectetur;24
adipiscing;24
convallis;24
felis;24
row;24
2;24
fusce;24
faucibus;18
facilisi;18
aenean;18
1;18
3;18
4;18
column;18
donec;18
enim;18
lacus;18
maximus;18
metus;18
aliquet;18
quam;18
class;18
aptent;18
taciti;18
sociosqu;18
ad;18
litora;18
torquent;18
conubia;18
inceptos;18
himenaeos;18
urna;18
leo;18
suspendisse;18
turpis;18
massa;12
praesent;12
sem;12
nisi;12
interdum;12
dapibus;12
sodales;12
malesuada;12
diam;12
suscipit;12
curabitur;12
integer;12
accumsan;12
risus;12
tempus;12
nostra;12
0;6
6;6
8;6
10;6
12;6
https;6
//products;6
office;6
com/en;6
us/word;6
5;6
nosatra;6
