the;198
in;150
of;132
gutenberg;91
project;87
to;85
or;81
and;75
you;73
a;72
0;67
&;64
1;59
tm;57
this;49
with;49
work;45
quod;41
aqua;39
any;38
is;35
ex;32
works;32
for;28
e;27
non;27
calcis;27
electronic;27
at;26
est;25
by;24
foundation;24
ad;23
cum;22
are;22
terms;21
erat;21
be;21
not;21
if;21
all;20
ut;19
gas;19
magnesiæ;18
agreement;18
p;17
acido;17
3;17
do;17
may;16
from;16
5;16
ebook;15
it;15
license;15
quo;15
præcipitatum;15
that;15
donations;15
s;14
ejus;14
as;14
c;14
states;14
other;14
on;14
use;13
ferri;13
post;13
si;13
ammoniaci;13
copyright;13
ebooks;13
full;13
literary;13
archive;13
copy;12
aquæ;12
esse;12
etjam;12
6;12
no;11
quam;11
sed;11
quæ;11
ac;11
https;11
paragraph;11
set;10
we;10
4;10
autem;10
per;10
sulph;10
supra;10
8;10
carbonate;10
ammoniaco;10
united;10
can;10
trademark;10
must;10
access;10
including;10
f;10
nova;9
analysis;9
aquarum;9
medeviensium;9
org;9
about;9
acidi;9
solutio;9
sulphas;9
solvebatur;9
murias;9
public;9
agree;9
your;9
refund;9
d;8
fons;8
bergman;8
sunt;8
an;8
hujus;8
ita;8
nihil;8
kali;8
præcipitabatur;8
nec;8
pondus;8
7;8
2;8
natri;8
associated;8
domain;8
without;8
forth;8
fee;8
laws;8
which;8
volunteers;7
cel;7
hoc;7
sulphurico;7
sulphatem;7
carbonas;7
hydr;7
qua;7
hæc;7
fuit;7
igitur;7
carbonatis;7
9;7
will;7
//www;7
permission;7
distributing;7
copies;7
section;7
posted;7
provide;7
information;7
number;7
under;6
file;6
using;6
free;6
editions;6
ab;6
hac;6
jam;6
quidem;6
superficie;6
carbonici;6
dein;6
argenti;6
hydrogenium;6
experimentis;6
carbonatem;6
continet;6
quantitas;6
massa;6
muriatico;6
n;6
difficulter;6
distribute;6
charge;6
such;6
distribution;6
comply;6
paid;6
its;6
state;6
web;6
but;6
tax;6
berzelius;5
anyone;5
date;5
lokaënsis;5
limus;5
eadem;5
tamen;5
temperatura;5
+;5
oxidum;5
acidum;5
vel;5
horas;5
ammoniacum;5
azotate;5
barytæ;5
aquam;5
gasis;5
aliis;5
lagena;5
carb;5
found;5
part;5
"project;5
gutenberg";5
have;5
based;5
compliance;5
owner;5
medium;5
replacement;5
limited;5
received;5
new;5
our;5
filename;5
etext;5
jöns;4
jacob;4
give;4
re;4
online;4
latin;4
produced;4
runeberg;4
propter;4
qui;4
his;4
quibus;4
tantum;4
ante;4
duo;4
ne;4
horam;4
vase;4
sensim;4
primo;4
vero;4
xxiv;4
purum;4
aliquantulum;4
inde;4
exinde;4
azotas;4
valde;4
solutione;4
siccum;4
potest;4
pars;4
tubus;4
pneumatico;4
partes;4
gasium;4
idem;4
1/2;4
gase;4
se;4
ideoque;4
fere;4
extractum;4
sales;4
residuum;4
005;4
sal;4
acid;4
fundo;4
fontis;4
old;4
creating;4
these;4
copying;4
unless;4
mission;4
phrase;4
person;4
below;4
collection;4
individual;4
located;4
displaying;4
support;4
freely;4
format;4
status;4
following;4
distributed;4
holder;4
fees;4
providing;4
requirements;4
additional;4
up;4
form;4
site;4
provided;4
within;4
days;4
contact;4
cannot;4
damages;4
how;4
//pglaf;4
cost;3
away;3
included;3
www;3
release;3
november;3
2003;3
start;3
text;3
was;3
available;3
http;3
o;3
more;3
reg;3
acad;3
et;3
hanc;3
superiori;3
antea;3
fontibus;3
unus;3
reliqui;3
alii;3
sit;3
intra;3
sapor;3
soluta;3
color;3
cocta;3
illud;3
album;3
dedit;3
plumbi;3
sulphuratum;3
fonte;3
id;3
hydrogenii;3
sicca;3
decomponitur;3
fontana;3
vas;3
quantum;3
experimenta;3
eo;3
gasia;3
cui;3
horæ;3
partem;3
cucurbita;3
apparatu;3
postquam;3
quapropter;3
de;3
alia;3
calore;3
mox;3
cantharo;3
cub;3
diluto;3
calcem;3
supererat;3
cantharum;3
cujus;3
020;3
oritur;3
ponderis;3
dum;3
facta;3
solutioni;3
eluebatur;3
secernebatur;3
evaporabatur;3
reliqua;3
muriaticum;3
alcohole;3
magnesia;3
solvitur;3
secundum;3
sulphatis;3
02;3
010;3
aër;3
30;3
°;3
has;3
end;3
formats;3
means;3
general;3
used;3
receive;3
complying;3
derivative;3
they;3
please;3
read;3
way;3
return;3
obtain;3
entity;3
b;3
people;3
who;3
most;3
see;3
help;3
future;3
right;3
performing;3
where;3
outside;3
links;3
notice;3
paragraphs;3
than;3
vanilla;3
official;3
user;3
royalty;3
applicable;3
donate;3
payments;3
";3
money;3
writing;3
defect;3
90;3
efforts;3
defective;3
equipment;3
disclaimer;3
except;3
liability;3
written;3
warranties;3
limitation;3
make;3
u;3
email;3
numbers;3
path;3
anywhere;2
almost;2
restrictions;2
whatsoever;2
character;2
iso;2
lars;2
aronsson;2
paper;2
spa;2
medevi;2
digital;2
edition;2
//runeberg;2
plain;2
é;2
å;2
ä;2
umlaut;2
ö;2
need;2
learn;2
adjunctus;2
scient;2
vi;2
vetus;2
sive;2
medius;2
supremus;2
medeviensis;2
primum;2
analysi;2
suam;2
etc;2
doct;2
hedin;2
tempore;2
fontium;2
rationem;2
æstate;2
potuerim;2
fontem;2
rite;2
adcurate;2
licet;2
infimus;2
tres;2
fontes;2
ubi;2
essent;2
situs;2
aliquanto;2
v;2
cantharos;2
parum;2
odor;2
odorem;2
perdit;2
coctionem;2
calce;2
carbonicum;2
docent;2
solutionem;2
præcipitata;2
erant;2
præcipitetur;2
cruda;2
natrum;2
effecit;2
instillabatur;2
facto;2
præparatus;2
nisi;2
aquis;2
argentum;2
bene;2
azoticum;2
conc;2
forma;2
attractionem;2
posset;2
pro;2
quibusdam;2
locis;2
[1];2
tertia;2
orificium;2
subere;2
vitreus;2
apparatum;2
recipulo;2
experimento;2
quamquam;2
diximus;2
servisset;2
aëris;2
sequitur;2
vapores;2
parte;2
methodo;2
solutorum;2
och;2
poteram;2
videtur;2
huic;2
utebar;2
plus;2
ipso;2
apparatus;2
sub;2
formam;2
volumen;2
14;2
semper;2
tribuendam;2
tum;2
lagenam;2
loco;2
atmosphæricum;2
sulphureto;2
dimidio;2
quem;2
azotico;2
solutionis;2
carbonico;2
quantitates;2
eum;2
unum;2
[2];2
haud;2
facile;2
lod;2
vigt;2
originem;2
aliquid;2
transit;2
fuisse;2
deinde;2
corporum;2
quadam;2
minorem;2
minor;2
quovis;2
addebatur;2
massæ;2
solutum;2
025;2
reperi;2
fusca;2
muriatis;2
[3];2
150;2
01;2
siccatus;2
240;2
muriate;2
oxalico;2
125;2
solubile;2
pura;2
03;2
[4];2
t;2
præcipitatur;2
puro;2
evenit;2
additur;2
iterum;2
crystalli;2
formantur;2
diluta;2
triplex;2
solubilis;2
carbonates;2
alcalium;2
solvunt;2
donec;2
effugisset;2
sulphuricum;2
auctio;2
tribuenda;2
10;2
003;2
tabula;2
001;2
resinæ;2
soli;2
variat;2
°5;2
atmosphæra;2
8°;2
major;2
045;2
hydrog;2
silex;2
000;2
should;2
10054;2
files;2
replace;2
one;2
renamed;2
owns;2
paying;2
royalties;2
rules;2
protect;2
concept;2
registered;2
anything;2
nearly;2
purpose;2
research;2
printed;2
redistribution;2
before;2
promoting;2
redistributing;2
intellectual;2
property;2
destroy;2
obtaining;2
bound;2
only;2
there;2
things;2
even;2
pglaf;2
references;2
removed;2
keeping;2
same;2
others;2
also;2
check;2
country;2
concerning;2
sentence;2
active;2
immediate;2
prominently;2
copied;2
does;2
contain;2
through;2
both;2
compressed;2
marked;2
"plain;2
ascii";2
upon;2
specified;2
method;2
he;2
each;2
prepare;2
receipt;2
physical;2
accordance;2
different;2
michael;2
hart;2
employees;2
considerable;2
effort;2
computer;2
damage;2
warranty;2
costs;2
expenses;2
legal;2
breach;2
receiving;2
explanation;2
lieu;2
electronically;2
second;2
implied;2
certain;2
law;2
shall;2
permitted;2
directly;2
cause;2
readable;2
widest;2
computers;2
generations;2
created;2
page;2
501;2
exempt;2
federal;2
contributions;2
office;2
dr;2
locations;2
many;2
small;2
keep;2
solicit;2
particular;2
visit;2
accepted;2
addresses;2
often;2
several;2
over;2
search;2
10000;2
filed;2
download;2
year;2
92;2
would;2
title;1
author;1
16;1
[ebook;1
10054];1
language;1
encoding;1
"nova;1
medeviensium";1
scientific;1
quality;1
water;1
health;1
sweden;1
published;1
1800;1
swedish;1
chemist;1
1779;1
1848;1
facsimile;1
org/berzaqua/;1
8859;1
acute;1
ring;1
publishes;1
nordic;1
literature;1
like;1
org/;1
regio;1
collegio;1
medico;1
sacrum;1
venia;1
ampliss;1
ord;1
philos;1
præses;1
mag;1
g;1
ekeberg;1
chem;1
stockh;1
membr;1
auctor;1
jacobus;1
ostrog;1
stip;1
strandb;1
audit;1
gust;1
maj;1
decemb;1
mdccc;1
upsaliæ;1
litteris;1
joh;1
fr;1
edman;1
typogr;1
table;1
contents;1
insimus;1
limes;1
medevienses;1
justa;1
consummata;1
chemica;1
exploratæ;1
actis;1
holm;1
1783;1
218;1
disquisitionem;1
exposuit;1
medicus;1
r;1
m;1
primarius;1
institutionis;1
præfenti;1
curator;1
brunns;1
intendent;1
variare;1
interdum;1
naturam;1
elementorum;1
assiduis;1
nobilissimorum;1
chemicorum;1
investigationibus;1
confirmatum;1
recentissimis;1
præterea;1
chemiæ;1
profectibus;1
majora;1
disquisitiones;1
generis;1
subtilius;1
instituendas;1
subsidia;1
posita;1
reputaverit;1
novam;1
analysin;1
suscipiendam;1
censuit;1
eamque;1
mihi;1
vices;1
chirurgi;1
auspicio;1
tunc;1
gerenti;1
mandavit;1
cura;1
diligentiaque;1
quanta;1
maxima;1
peractam;1
magnam;1
experientia;1
summi;1
viri;1
discrepantiam;1
eorum;1
rebus;1
student;1
judicio;1
submittendam;1
existimavi;1
celebratum;1
loka;1
limumque;1
consummateque;1
examinatum;1
præterita;1
curatore;1
aschan;1
sollicitatus;1
sim;1
perscrutatus;1
brevem;1
descriptionem;1
reservata;1
aliam;1
occasionem;1
copiosiori;1
experimentorum;1
expositione;1
adjungere;1
ob;1
materiæ;1
similitudinem;1
institui;1
tribus;1
uti;1
nostram;1
ætatem;1
scaturivit;1
olim;1
numero;1
fuerunt;1
quos;1
rödbrunn;1
dahlbrunn;1
appellat;1
cessaverunt;1
locum;1
siti;1
fuerint;1
reperire;1
curante;1
nuper;1
aperti;1
ædiculis;1
belle;1
superstructis;1
anno;1
consummatis;1
tecti;1
pauperibus;1
usui;1
circa;1
tertiam;1
matutinam;1
surgendi;1
necessitas;1
unica;1
scaturigine;1
petita;1
opulentioribus;1
sextam;1
adeuntibus;1
deesset;1
depressior;1
defluxus;1
facilis;1
ædificium;1
alto;1
muro;1
circumdatur;1
æquabile;1
frigus;1
conservandum;1
plurimum;1
confert;1
profundus;1
pedes;1
circiter;1
lx;1
effundit;1
cli;1
temporisque;1
varietate;1
affectus;1
º5;1
fundum;1
º;1
menses;1
æstivos;1
mutata;1
asper;1
multis;1
nauseosus;1
concussione;1
exprimitur;1
hepaticus;1
aperto;1
demittit;1
saporemque;1
asperum;1
tincturam;1
heliotropii;1
rubefacit;1
ferrive;1
demissionem;1
turbatur;1
prodi;1
turbaverit;1
uberius;1
adfusa;1
solverit;1
hic;1
incidit;1
ferrum;1
præcipitarum;1
flavescit;1
adsir;1
liberi;1
forti;1
nulla;1
effervescentia;1
solutiones;1
fernambuci;1
aut;1
curcumæ;1
mutatæ;1
gallaceo;1
violaceus;1
prussiate;1
cæruleus;1
purissimus;1
quietem;1
horarum;1
prussias;1
depositus;1
utrumque;1
inefficax;1
oxalicum;1
paullulum;1
permutavit;1
solum;1
verum;1
prodit;1
luteolum;1
similiter;1
azotici;1
portionem;1
pauxillum;1
h;1
demissum;1
separabatur;1
suisse;1
muriatem;1
colligimus;1
luci;1
expositum;1
nigrescebat;1
carbonatibus;1
accidit;1
hydrargyri;1
frigide;1
subtile;1
labra;1
vitri;1
adhærens;1
vix;1
sensibile;1
antequam;1
effusa;1
vitrum;1
aruisser;1
calide;1
fecerunt;1
luteo;1
candicantia;1
detegendum;1
multa;1
chemicis;1
proposita;1
pleraque;1
saturatoribus;1
efficacia;1
ejusmodi;1
metallicum;1
suspensus;1
nummus;1
argenteus;1
politus;1
iix;1
dies;1
æque;1
splendebat;1
arsenici;1
æquali;1
passum;1
oxidando;1
sulphur;1
præcipitare;1
heic;1
tale;1
nihilominus;1
olfactus;1
sulphurati;1
index;1
certissimus;1
sensibilis;1
solurus;1
sulphure;1
difficilius;1
scribebam;1
charta;1
vasi;1
evaporaretur;1
superimponebatur;1
calefactum;1
fieri;1
eliceretur;1
factum;1
litteræ;1
seriptæ;1
varia;1
siccitate;1
metallice;1
splenderent;1
nigrescerent;1
magis;1
minusve;1
perspicuæ;1
observabiles;1
præcursoria;1
nostra;1
verfat;1
opera;1
sint;1
fecernerentur;1
cantharus;1
capere;1
retortum;1
vitreum;1
magnitudinis;1
vacua;1
maneret;1
obturabatur;1
aptatus;1
vesica;1
arcte;1
adligabatur;1
pneumaticium;1
ducebat;1
hunc;1
appatatum;1
impleveram;1
quartam;1
temperaturam;1
85º;1
100º;1
igne;1
subtus;1
servabatur;1
enim;1
olei;1
stratum;1
fluitabat;1
peracto;1
refrigerata;1
imbiberetur;1
diu;1
bullæ;1
oleum;1
adscendentes;1
animadvertebantur;1
venientes;1
quartas;1
receptum;1
minoris;1
voluminis;1
fuerat;1
utroque;1
menso;1
aquosos;1
omnem;1
cucurbitæ;1
aërem;1
expulisse;1
certi;1
quantitate;1
naturave;1
eruere;1
utendum;1
om;1
bitter;1
selzer;1
pyrmontervattens;1
halt;1
tillredning;1
§;1
fig;1
comparare;1
scopo;1
optime;1
inservientem;1
experiundi;1
inveni;1
lagenæ;1
vitreæ;1
capacitatem;1
emensus;1
optimo;1
obturabam;1
pneumaticis;1
solet;1
curvatus;1
ingerebatur;1
altera;1
extremitas;1
ultra;1
suber;1
exstaret;1
examinanda;1
implebantur;1
minima;1
atmosphærici;1
bulla;1
observabili;1
relicta;1
commissuram;1
luto;1
vesicaque;1
munita;1
balneo;1
arenæ;1
ponebatur;1
eodem;1
initium;1
experimenti;1
fervisser;1
fervebat;1
capacitatis;1
exhalaret;1
compensare;1
opus;1
esset;1
oleo;1
operiebatur;1
aliquis;1
objicere;1
forsitan;1
fontanam;1
dilatari;1
abeant;1
expelli;1
amitti;1
venerit;1
bullientem;1
pneumatici;1
recipulum;1
prægnans;1
nativam;1
restituta;1
effugere;1
nequeunt;1
dimidium;1
fervisset;1
summovebatur;1
ignis;1
cautam;1
refrigerationem;1
+17º;1
dimensum;1
pollicum;1
cubicorum;1
decimalium;1
quoque;1
accepit;1
discrepantia;1
experimentum;1
pluries;1
iterare;1
jussit;1
eventus;1
aberrationem;1
3/4;1
exceperis;1
temperaturæ;1
omnino;1
æqualem;1
obtinere;1
iuncturam;1
rimis;1
latentibus;1
fefellisse;1
illius;1
singula;1
sollicita;1
exploratio;1
demonstravit;1
regressus;1
frigescentem;1
sequentibas;1
mensura;1
coronata;1
accurate;1
explorata;1
vulgare;1
præscriptum;1
collecto;1
collocabatur;1
xxxvi;1
dimidius;1
restabat;1
aëra;1
oxigenatum;1
indicavit;1
quorsum;1
inesse;1
certo;1
sciebam;1
intëlligerem;1
præparato;1
impletam;1
solutam;1
collocavi;1
xiv;1
x;1
absorpti;1
diminutus;1
oxigenato;1
exploravi;1
æqualia;1
volumina;1
commixta;1
eidem;1
subjecta;1
calcarea;1
uno;1
relicto;1
absorbebantur;1
calcareæ;1
præcipue;1
luteoalbidus;1
saporque;1
sulphureti;1
calcarei;1
deponendo;1
turbabatur;1
posteriori;1
simul;1
discerni;1
poterat;1
intelligitur;1
diminutionem;1
descriptam;1
examinandæ;1
gasi;1
horum;1
via;1
dignoscendæ;1
finem;1
fontanæ;1
operto;1
præcipitabam;1
085;1
oxido;1
magnesiæque;1
proprio;1
noto;1
035;1
generato;1
030;1
constabat;1
pondera;1
inter;1
100;1
43;1
recepti;1
014;1
inveniri;1
unitas;1
totam;1
banc;1
disfertationem;1
1/4;1
viktualie;1
drachma;1
gr;1
centner;1
prober;1
unde;1
dubium;1
quin;1
debeat;1
oxidatur;1
generat;1
illi;1
sulphuris;1
tradit;1
ipsum;1
circum;1
tales;1
pulveris;1
albi;1
manifestat;1
medeviensi;1
adest;1
sulphuretum;1
posse;1
oxidatum;1
produxisse;1
districte;1
negaverim;1
similius;1
existimaverim;1
stratis;1
organicorum;1
putrefactorum;1
putrescentium;1
vena;1
duxisse;1
quippe;1
destructione;1
animalium;1
vegetabiliumque;1
generari;1
stagnosis;1
limosisque;1
præsertim;1
commotione;1
exhalari;1
noverimus;1
hypothesin;1
explicatur;1
ortus;1
carbonati;1
pluribus;1
sveciæ;1
adesse;1
desint;1
ipsius;1
indicia;1
peculiaris;1
certe;1
arguit;1
solubilitatem;1
longe;1
necesse;1
determinari;1
combustione;1
experiri;1
defectus;1
instrumentorum;1
prohibuit;1
vitreo;1
cancharum;1
capiente;1
singulos;1
vaporare;1
curavi;1
caute;1
colligebatur;1
vitro;1
arctius;1
adhærebat;1
abluebatur;1
temp;1
108;1
siccatæ;1
575;1
diligenter;1
liquidum;1
siphone;1
colatio;1
evitaretur;1
deinceps;1
vaporabat;1
infundebatur;1
alcohol;1
reliquit;1
terrestre;1
infra;1
enarrandis;1
alcoholina;1
lente;1
crystallos;1
agnoscibiles;1
deliquescibili;1
dabat;1
totius;1
admistum;1
mutavit;1
efficiebatur;1
lotum;1
siccatumque;1
cinereum;1
lamella;1
vitrea;1
ignem;1
empyreumaticum;1
spargens;1
manifestatur;1
vegetabile;1
coctione;1
destruebatur;1
saturabatur;1
faciebat;1
solvebat;1
saporem;1
acidulum;1
elotus;1
niveo;1
colore;1
pondere;1
extracto;1
conjunctos;1
crystallisari;1
notisi;1
mum;1
superfluum;1
inspissabatur;1
nihilque;1
tartaricove;1
afficiebatur;1
habebat;1
lotione;1
evaporando;1
refinam;1
odoram;1
fuscam;1
elota;1
admiscebatur;1
dimidiam;1
evaporata;1
elotum;1
15;1
lotionis;1
carbonete;1
colligitur;1
efficiebat;1
carbonare;1
residua;1
dilato;1
procipitabatur;1
nota;1
plures;1
acida;1
majorem;1
statuunt;1
negant;1
opusculis;1
317;1
337;1
oriri;1
contendit;1
tripliciter;1
compositum;1
generaretur;1
sequentia;1
ipse;1
sum;1
expertus;1
usque;1
reagat;1
alcali;1
separatur;1
præcipitari;1
portio;1
ordine;1
inverso;1
adhibetur;1
totus;1
praecipitatum;1
quasdam;1
præcipitatio;1
ope;1
perficitur;1
præcipitando;1
hi;1
praecipitatur;1
aliquantom;1
puri;1
sufficiens;1
adsit;1
crystallisatur;1
eam;1
opusc;1
tab;1
depinxit;1
dixit;1
allatis;1
auctiore;1
effugit;1
pulverulentum;1
relinquit;1
concentrata;1
ille;1
mentionem;1
fecimus;1
sere;1
efficiunt;1
crystallisabiles;1
solubiles;1
solvit;1
nascitur;1
alcalia;1
saturent;1
superest;1
solvant;1
valet;1
puram;1
magnesiam;1
solvat;1
hæe;1
rapiat;1
fourcroy;1
vauquelin;1
urinæ;1
bulletin;1
des;1
sciences;1
1798;1
ix;1
propensitatem;1
triplicem;1
conjunctionem;1
phosphorico;1
memoraverunt;1
proprietas;1
accuratiore;1
disquisitione;1
digna;1
detur;1
fiebat;1
formabantur;1
ustulabatur;1
residui;1
majori;1
oxidationi;1
videretur;1
sulphurosi;1
indicabant;1
usta;1
lavabatur;1
præcipitabant;1
effecir;1
adhuc;1
remansisse;1
indicabat;1
oxalas;1
præsentiam;1
docebat;1
calx;1
præcipitate;1
miscebatur;1
urebatur;1
diutius;1
superinfusa;1
mansisset;1
coctum;1
generavit;1
effervescebat;1
adfuso;1
quodam;1
140;1
hæ;1
omnes;1
rationes;1
conferuntur;1
animadvertitur;1
040;1
iis;1
particulis;1
evaporatio;1
eluebantur;1
salis;1
043;1
plenam;1
saturarionem;1
requirit;1
065;1
crystallisandum;1
022;1
muratis;1
narri;1
invenitur;1
130;1
ibidiem;1
saturatur;1
natro;1
08;1
012;1
sequens;1
exhiber;1
meis;1
concludere;1
licuit;1
adjungitur;1
prof;1
citato;1
allata;1
mea;1
bergmanni;1
athmosph;1
026;1
056;1
oxid;1
mucil;1
019;1
extract;1
muc;1
037;1
calc;1
magnes;1
009;1
089;1
123;1
plano;1
circumjacentis;1
scatet;1
depressiores;1
foramina;1
crateris;1
emittitur;1
turbida;1
junii;1
+7°;1
9°;1
julii;1
19°;1
20°;1
reliquorum;1
odore;1
fortiori;1
virtute;1
laxante;1
prædita;1
constitutivæ;1
eædem;1
descripti;1
excepto;1
minus;1
015;1
080;1
habet;1
quantitatem;1
indicare;1
editior;1
ceterorum;1
veteris;1
sapori;1
similis;1
reactio;1
jun;1
jul;1
vetere;1
iidem;1
omnibus;1
admodum;1
profunde;1
ipsa;1
reperitur;1
scripturam;1
factam;1
afficit;1
schidiis;1
reliquiis;1
vegetabilibus;1
immixtus;1
ustione;1
duas;1
tertias;1
constat;1
ferro;1
silice;1
sulphate;1
una;1
extractiva;1
alkohole;1
constitutivas;1
ratione;1
exploratas;1
sequentes;1
perpaullulum;1
atmospæricus;1
oxigenium;1
azotum;1
0042;1
0035;1
0107;1
0023;1
0055;1
extractivum;1
0014;1
0276;1
quaque;1
libra;1
continentur;1
atmosphæricus;1
carbonatum;1
aquosum;1
combustibilia;1
402;1
172;1
argilla;1
075;1
232;1
961;1
addito;1
deficit;1
039;1
named;1
txt;1
zip;1
various;1
org/1/0/0/5/10054/;1
updated;1
previous;1
print;1
so;1
special;1
apply;1
specific;1
very;1
easy;1
creation;1
reports;1
performances;1
modified;1
given;1
practically;1
subject;1
especially;1
commercial;1
//gutenberg;1
org/license;1
reading;1
indicate;1
understand;1
accept;1
trademark/copyright;1
abide;1
cease;1
possession;1
whom;1
few;1
lot;1
follow;1
preserve;1
"the;1
foundation";1
compilation;1
claim;1
prevent;1
long;1
course;1
hope;1
sharing;1
name;1
easily;1
attached;1
when;1
share;1
place;1
govern;1
what;1
countries;1
constant;1
change;1
addition;1
downloading;1
makes;1
representations;1
appear;1
whenever;1
appears;1
accessed;1
displayed;1
performed;1
viewed;1
derived;1
indicating;1
charges;1
appearing;1
either;1
imposed;1
linked;1
beginning;1
unlink;1
detach;1
remove;1
containing;1
display;1
perform;1
redistribute;1
convert;1
binary;1
nonproprietary;1
proprietary;1
word;1
processing;1
hypertext;1
however;1
version;1
expense;1
exporting;1
request;1
original;1
alternate;1
include;1
viewing;1
reasonable;1
pay;1
20%;1
gross;1
profits;1
derive;1
calculated;1
already;1
calculate;1
taxes;1
owed;1
agreed;1
60;1
legally;1
required;1
periodic;1
returns;1
clearly;1
sent;1
address;1
"information;1
notifies;1
mail;1
s/he;1
require;1
possessed;1
discontinue;1
discovered;1
reported;1
wish;1
group;1
expend;1
identify;1
transcribe;1
proofread;1
despite;1
stored;1
"defects;1
incomplete;1
inaccurate;1
corrupt;1
data;1
transcription;1
errors;1
infringement;1
damaged;1
disk;1
virus;1
codes;1
"right;1
refund";1
described;1
party;1
disclaim;1
remedies;1
negligence;1
strict;1
contract;1
those;1
f3;1
distributor;1
liable;1
actual;1
direct;1
indirect;1
consequential;1
punitive;1
incidental;1
possibility;1
discover;1
sending;1
elect;1
choose;1
opportunity;1
demand;1
further;1
opportunities;1
fix;1
problem;1
kind;1
express;1
merchantibility;1
fitness;1
some;1
allow;1
disclaimers;1
exclusion;1
types;1
violates;1
interpreted;1
maximum;1
invalidity;1
unenforceability;1
provision;1
void;1
remaining;1
provisions;1
indemnity;1
indemnify;1
hold;1
agent;1
employee;1
production;1
promotion;1
harmless;1
arise;1
indirectly;1
occur;1
alteration;1
modification;1
additions;1
deletions;1
synonymous;1
variety;1
obsolete;1
middle;1
aged;1
exists;1
because;1
hundreds;1
walks;1
life;1
financial;1
assistance;1
critical;1
reaching;1
goals;1
ensuring;1
remain;1
come;1
2001;1
secure;1
permanent;1
sections;1
profit;1
educational;1
corporation;1
organized;1
mississippi;1
granted;1
internal;1
revenue;1
service;1
ein;1
identification;1
64;1
6221541;1
letter;1
org/fundraising;1
deductible;1
extent;1
principal;1
4557;1
melan;1
fairbanks;1
ak;1
99712;1
scattered;1
throughout;1
numerous;1
business;1
809;1
north;1
1500;1
west;1
salt;1
lake;1
city;1
84116;1
801;1
596;1
1887;1
business@pglaf;1
gregory;1
newby;1
chief;1
executive;1
director;1
gbnewby@pglaf;1
depends;1
survive;1
wide;1
spread;1
carry;1
out;1
increasing;1
licensed;1
machine;1
accessible;1
array;1
outdated;1
particularly;1
important;1
maintaining;1
irs;1
committed;1
regulating;1
charities;1
charitable;1
50;1
uniform;1
takes;1
much;1
paperwork;1
meet;1
confirmation;1
send;1
determine;1
while;1
met;1
solicitation;1
know;1
prohibition;1
against;1
accepting;1
unsolicited;1
donors;1
approach;1
us;1
offers;1
international;1
gratefully;1
statements;1
treatment;1
alone;1
swamp;1
staff;1
pages;1
current;1
donation;1
methods;1
ways;1
checks;1
credit;1
card;1
org/donate;1
professor;1
originator;1
library;1
could;1
shared;1
thirty;1
years;1
loose;1
network;1
volunteer;1
confirmed;1
thus;1
necessarily;1
subdirectory;1
ascii;1
zipped;1
html;1
corrected;1
take;1
replaced;1
older;1
versions;1
separate;1
sources;1
treated;1
filenames;1
main;1
pg;1
facility;1
includes;1
produce;1
subscribe;1
newsletter;1
hear;1
prior;1
directories;1
their;1
want;1
rather;1
regular;1
system;1
utilize;1
just;1
ibiblio;1
org/gutenberg/etext06;1
/etext;1
05;1
04;1
00;1
99;1
98;1
97;1
96;1
95;1
94;1
93;1
91;1
since;1
longer;1
directory;1
identical;1
made;1
single;1
digits;1
corresponding;1
last;1
digit;1
example;1
10234;1
org/1/0/2/3/10234;1
24689;1
org/2/4/6/8/24689;1
alternative;1
locating;1
org/gutindex;1
