de;99
en;43
la;34
el;32
que;32
los;32
solr;31
búsqueda;30
un;24
una;24
y;23
por;19
resultados;18
es;16
a;16
se;16
•;15
con;15
para;14
las;13
ejemplo;12
https;12
o;9
palabras;9
permite;8
datos;8
usuario;8
como;8
//solrtutorial;8
html;8
índice;8
al;7
documentos;7
términos;7
motor;6
tipo;6
texto;6
varios;6
nos;5
del;5
así;5
búsquedas;5
“;5
”;5
clave;5
motores;4
son;4
información;4
si;4
esta;4
indexado;4
aparecen;4
basado;3
librería;3
lucene;3
verticales;3
contenido;3
decir;3
netflix;3
película;3
ya;3
sistema;3
◦;3
filtrado;3
su;3
cuando;3
serie;3
facetas;3
proceso;3
cada;3
esto;3
elementos;3
clasificación;3
detecta;3
manera;3
proporciona;3
solo;3
elemento;3
lista;3
es/busquedas;3
este;3
libro;3
invertido;3
término;3
palabra;3
indice;3
funcionamiento;3
es/indexado;3
qué;2
java;2
google;2
porque;2
buscan;2
web;2
devuelven;2
blog;2
encontrar;2
determinada;2
nombre;2
dicha;2
cabo;2
recorriendo;2
sean;2
bases;2
parte;2
pues;2
crear;2
otras;2
base;2
utiliza;2
características;2
buscando;2
hacer;2
etc;2
sugerencias;2
conoce;2
funcionalidad;2
categorizar;2
siendo;2
categoría;2
faceta;2
pueda;2
descubrir;2
nuevos;2
afinar;2
consiste;2
puntuación;2
usuarios;2
diferentes;2
idiomas;2
agrupar;2
mezcla;2
entre;2
producto;2
cartesiano;2
selección;2
errores;2
ortográficos;2
entrada;2
comodín;2
luna;2
lana;2
lena;2
caracteres;2
prof;2
incluirá;2
todos;2
raíz;2
profesor;2
profesorado;2
profesión;2
funciona;2
e;2
llama;2
dicho;2
inventario;2
donde;2
forma;2
buscador;2
le;2
archivos;2
word;2
pdf;2
añadir;2
lugar;2
buscar;2
realiza;2
campos;2
según;2
relevancia;2
más;2
alquiler;2
pasito;2
temas;2
carácter;2
estos;2
es/que;2
//aprenderbigdata;2
com/solr/;2
//www;2
ionos;2
es/digitalguide/servidores/configuracion/apache;2
solr/;2
apache;1
escrito;1
lenguaje;1
programación;1
integrar;1
yahoo;1
generales;1
toda;1
vertical;1
aquel;1
busca;1
especifico;1
mayor;1
cantidad;1
especifica;1
poner;1
tuviéramos;1
dedicado;1
cine;1
permitiría;1
dentro;1
propio;1
introduciendo;1
título;1
alguno;1
sus;1
actores;1
llevaría;1
forman;1
podremos;1
fácilmente;1
llevar;1
webs;1
nosql;1
almacenar;1
consultarlos;1
casi;1
tiempo;1
real;1
siglas;1
searching;1
on;1
replication;1
definitiva;1
dice;1
da;1
muy;1
utilizada;1
cuales;1
busquedas;1
principales;1
filtro;1
herramienta;1
restringir;1
estamos;1
podemos;1
poniendo;1
película/;1
queramos;1
ver;1
comedia;1
terror;1
amor…;1
hará;1
facetado;1
presentar;1
ordenados;1
algún;1
criterio;1
tienda;1
electrónica;1
queremos;1
aparezcan;1
función;1
les;1
han;1
dado;1
destacar;1
también;1
capaz;1
relacionados;1
automática;1
joins;1
reajustar;1
salida;1
alternativas;1
corregidas;1
te;1
equivocas;1
l;1
na;1
resultado;1
…;1
1;1
two;1
three;1
four;1
cómo;1
seleccionados;1
incorporándonos;1
sería;1
semejante;1
final;1
incluya;1
ubicación;1
básicamente;1
llevaríamos;1
páginas;1
dichas;1
denominado;1
estructurar;1
va;1
ser;1
recuperada;1
crea;1
índices;1
partir;1
indicando;1
concretos;1
contienen;1
teclea;1
determinado;1
creado;1
indicará;1
dónde;1
aparece;1
acepta;1
muchas;1
fuentes;1
tales;1
xml;1
csv;1
hayamos;1
indicado;1
mismo;1
buscada;1
continuación;1
indica;1
encuentra;1
estructura;1
basa;1
basarse;1
página;1
entonces;1
siguiente;1
indexación;1
antes;1
pasan;1
analizador;1
filtran;1
tokenizan;1
facilitar;1
descomponen;1
tokens;1
pueden;1
fase;1
mapeo;1
asigna;1
consultas;1
almacenados;1
adecuados;1
último;1
clasifican;1
relevantes;1
superior;1
empezaremos;1
aplicación;1
“típica”;1
pisos;1
iremos;1
viendo;1
2;1
nuestro;1
ingresa;1
produce;1
unos;1
puede;1
categorías;1
filtrar;1
otros;1
criterios;1
“facetado”;1
imágen;1
están;1
facetados;1
inmueble;1
algunas;1
paginas;1
usan;1
nasa…;1
funciones;1
reajuste;1
términos también;1
grupos;1
alternativa;1
corregida;1
joins ;1
uniones;1
consideran;1
cualquier;1
orden;1
muestran;1
cumplen;1
condición;1
sintaxis;1
compleja;1
variables;1
booleanas;1
agrupación;1
términos relacionados;1
temáticamente;1
clasifica;1
individual;1
varias;1
dimensiones;1
lo;1
asocia;1
autor;1
idioma;1
longitud;1
junto;1
trata;1
cronológica;1
utilizar;1
filtros;1
obtener;1
personalizada;1
“comodín”;1
representa;1
indefinido;1
cadena;1
introduce;1
fragmento;1
modo;1
obtiene;1
resulta;1
delimitación;1
tema;1
biblioteca;1
delimitaciones;1
"l;1
na";1
obtendrán;1
pero;1
no;1
cambio;1
liana;1
leona;1
sustituye;1
letra;1
reconocimiento;1
texto en;1
muchos;1
formatos;1
desde;1
microsoft;1
hasta;1
enriquecido;1
pasando;1
editores;1
3;1
detección;1
bibliografía;1
4;1
