de;19
en;8
png;8
a;7
solr;5
—;5
];5
1;4
la;4
por;4
resultados;4
comedia;4
[;4
no;4
caballo;4
es;3
búsqueda;3
y;3
datos;3
búsquedas;3
índice;3
ideas;3
idea;3
4;3
3;3
indice;2
qué;2
características;2
principales;2
funcionamiento;2
motor;2
basado;2
java;2
lucene;2
que;2
las;2
clasificación;2
los;2
funciona;2
un;2
este;2
se;2
indexado;2
archivos;2
ejemplo;2
q;2
ue;2
i;2
le;2
oe;2
2;2
the;2
good;2
an;2
busqueda;2
piso;2
alquiler;2
calle;2
m2;2
hab;2
planta;2
lorem;2
fistrum;2
diodeno;2
ese;2
pedazo;2
amatomaa;2
te;2
digo;2
trigo;2
llamarte;2
rodrigor;2
blanco;2
negroort;2
12;2
patricia;1
villalba;1
crucelaegui;1
apache;1
escrito;1
librería;1
☛;1
motores;1
integrales;1
base;1
nosql;1
permite;1
almacenar;1
consultar;1
casi;1
tiempo;1
real;1
searching;1
on;1
replication;1
filtrado;1
facetas;1
cómo;1
recorriendo;1
documentos;1
seleccionados;1
e;1
incorporándolos;1
proceso;1
llama;1
denomina;1
invertido;1
una;1
forma;1
estructurar;1
información;1
va;1
ser;1
recuperada;1
acepta;1
muchas;1
fuentes;1
tales;1
como;1
xml;1
csv;1
word;1
o;1
pdf;1
pasos;1
seguir;1
analizador;1
campos;1
fase;1
mapeo;1
fin;1
image1;1
image3;1
image2;1
image7;1
mec;1
sn;1
mme;1
tec;1
mm;1
comed;1
ia;1
£;1
rt;1
conads;1
con;1
famires;1
comedias;1
picantes;1
comedasromantcas;1
comecias;1
mexicanas;1
fairs;1
tronchantes;1
comedlas;1
juveniles;1
brailefas;1
gs;1
mous;1
sous;1
sna;1
image8;1
feet;1
ra;1
ar;1
os;1
mj;1
or;1
eu;1
ery;1
oa;1
cees;1
cme;1
uv;1
0;1
wea;1
eat;1
ud;1
cec;1
eset;1
eee;1
®;1
leat;1
bn;1
ny;1
image6;1
ca;1
mn;1
8;1
ce;1
ee;1
0a;1
ole;1
f;1
image4;1
archivo;1
doc;1
text;1
terms;1
docs;1
will;1
survive;1
ae;1
everything;1
begins;1
with;1
»;1
2j2;1
all;1
great;1
are;1
dangerous;1
is;1
salvation;1
by;1
imagination;1
lib;1
b;1
image5;1
filtros;1
queries;1
refinar;1
[];1
——;1
pagina;1
56;1
1280;1
