jpg;25
png;17
de;11
data/mt;11
lorem;9
small;8
ipsum;7
data/st;7
dolor;6
en;5
—;5
];5
comedia;4
a;4
oe;4
[;4
no;4
caballo;4
3;4
4;4
1;4
solr;4
2;3
resultados;3
12;3
indice;3
archivo;3
ideas;3
idea;3
on;3
data/image7;2
q;2
ue;2
i;2
data/image8;2
le;2
0;2
data/image6;2
8;2
data/image5;2
la;2
busqueda;2
piso;2
alquiler;2
calle;2
m2;2
hab;2
planta;2
fistrum;2
diodeno;2
ese;2
pedazo;2
amatomaa;2
te;2
digo;2
trigo;2
por;2
llamarte;2
rodrigor;2
blanco;2
negroort;2
data/image3;2
data/image4;2
ejemplo;2
the;2
good;2
an;2
data/image2;2
‘+;2
tm;2
om;2
data/image1;2
do;2
patricia;2
villalba;2
crucelaegui;2
14;1
mec;1
sn;1
mme;1
tec;1
mm;1
comed;1
ia;1
£;1
rt;1
conads;1
con;1
famires;1
comedias;1
picantes;1
comedasromantcas;1
comecias;1
mexicanas;1
fairs;1
tronchantes;1
comedlas;1
juveniles;1
brailefas;1
gs;1
mous;1
sous;1
sna;1
16;1
feet;1
ra;1
ar;1
os;1
mj;1
or;1
eu;1
ery;1
oa;1
cees;1
cme;1
uv;1
wea;1
eat;1
ud;1
cec;1
eset;1
eee;1
®;1
leat;1
bn;1
ny;1
18;1
ca;1
mn;1
ce;1
ee;1
0a;1
ole;1
f;1
22;1
filtros;1
y;1
queries;1
refinar;1
[];1
——;1
pagina;1
56;1
1280;1
10;1
20;1
doc;1
text;1
terms;1
docs;1
will;1
survive;1
ae;1
everything;1
begins;1
with;1
»;1
2j2;1
all;1
great;1
are;1
dangerous;1
is;1
salvation;1
by;1
imagination;1
lib;1
b;1
data/presetimagefill5;1
6;1
data/presetimagefill4;1
5;1
data/presetimagefill1;1
data/presetimagefill3;1
data/presetimagefill2;1
15;1
—s;1
il;1
17;1
bald;1
one;1
data/presetimagefill0;1
19;1
er;1
23;1
11;1
21;1
b4d3bafe;1
9473;1
4777;1
8557;1
19b326c9aaa8;1
26;1
“+;1
maocenas;1
alquam;1
mascenas;1
igula;1
nos;1
accumsan;1
tact;1
soe;1
mauris;1
in;1
integer;1
eleu;1
ber;1
crasintrdum;1
at;1
eget;1
habeasseolementum;1
‘st;1
jpsum;1
purus;1
pede;1
alguet;1
sed;1
door;1
st;1
amet;1
bala;1
suspends;1
nua;1
pretium;1
hones;1
95b485f0;1
94e3;1
4115;1
b374;1
b54eab2ffe37;1
33;1
13;1
305f8ccd;1
8d3a;1
4416;1
a975;1
7396fe36cfed;1
27;1
23583171;1
b258;1
4bd6;1
98c9;1
bfce7ed6ba6f;1
24;1
ey;1
el;1
olg;1
ef8c662e;1
9e18;1
4cd6;1
873a;1
195de64f8ce2;1
25;1
data/bullet;1
gbutton;1
gray;1
7;1
3e301561;1
eb9b;1
4217;1
bfff;1
825c3a0f60dc;1
29;1
05b63ae6;1
6fbd;1
4063;1
ac04;1
73998a945fe9;1
31;1
donec;1
quis;1
nunc;1
bc8c309b;1
959c;1
4edf;1
a890;1
4adbdc83590e;1
30;1
7c02aa2a;1
7e49;1
41a2;1
a509;1
42ba15a0724c;1
28;1
142d162a;1
936d;1
49ec;1
bee1;1
42ad9a37d166;1
32;1
1a504089;1
517f;1
4f73;1
8a77;1
9e136a51e7f0;1
34;1
9;1
b78d52a6;1
0611;1
4841;1
82a8;1
0da5f5ec7461;1
38;1
caracteristicas;1
principales;1
4d8e778e;1
f5f7;1
4ed6;1
b478;1
8229e8296adf;1
37;1
équé;1
es;1
oor;1
bisque;1
basado;1
apache;1
leone;1
motores;1
bisqueda;1
inogales;1
tun;1
pi;1
acy;1
sol;1
sort;1
javaybasado;1
area;1
java;1
d;1
‘consular;1
datos;1
cas;1
ea;1
lr;1
lcene;1
epicaton;1
80da8674;1
a32b;1
4294;1
b00e;1
5519b71988ce;1
42;1
4c844b72;1
dda0;1
4d9f;1
8ea8;1
3c5a3992f99b;1
39;1
écémo;1
funciona;1
‘soe;1
censor;1
aan;1
ejemple;1
»s;1
dc53d344;1
e4af;1
447e;1
a5fe;1
e801e2d0c5b6;1
36;1
temes;1
b645ca0e;1
ca38;1
4a4a;1
8048;1
cea3e1aecee1;1
35;1
853fcb7b;1
bc49;1
4845;1
a0f9;1
1444805f2cad;1
41;1
1a;1
preview;1
