https;115
nytimes;107
//www;100
the;76
html;61
read;54
min;50
a;43
in;35
for;34
of;33
to;28
new;25
and;22
york;18
with;17
times;16
5;15
on;14
3;12
ian;12
4;10
at;10
court;10
after;9
6;9
from;8
your;8
hurricane;8
cases;8
more;7
how;7
7;7
by;7
i;7
is;7
as;7
has;7
supreme;7
com/;7
2;6
1;6
be;6
lyman;6
was;6
one;6
//help;6
com/hc/en;6
u;5
ukraine;5
major;5
her;5
will;5
about;5
stadium;5
his;5
covid;5
an;5
you;5
hit;5
//theathletic;5
news;4
2022;4
us;4
terms;4
week;4
s;4
health;4
food;4
rescue;4
up;4
florida;4
were;4
who;4
russian;4
president;4
oct;4
cut;4
tax;4
why;4
brothers;4
island;4
have;4
that;4
prize;4
it;4
no;4
college;4
make;4
review;4
advertisement;4
are;4
can;4
andrew;4
nytco;3
t;3
policy;3
or;3
n;3
magazine;3
asia;3
vineyard;3
texas;3
had;3
desantis;3
russia;3
troops;3
residents;3
said;3
their;3
m;3
truss;3
via;3
election;3
deaths;3
beach;3
not;3
county;3
walker;3
14;3
football;3
action;3
donald;3
this;3
over;3
vaccine;3
‚Ä∫;3
keep;3
friends;3
disaster;3
but;3
‚Äù;3
plus;3
eagles;3
f;3
team;3
brown;3
noise;3
best;3
jason;3
prickett;3
legitimacy;3
com/interactive/2021/world/covid;3
company;2
cooking;2
play;2
contact;2
accessibility;2
service;2
sale;2
help;2
0;2
subscribe;2
now;2
politics;2
business;2
opinion;2
sports;2
books;2
video;2
monday;2
october;2
again;2
ended;2
flights;2
woman;2
used;2
lived;2
city;2
live;2
forces;2
see;2
updates;2
without;2
they;2
vladimir;2
putin‚Äôs;2
et;2
ago;2
photos;2
rate;2
high;2
liz;2
shutterstock;2
runoff;2
bolsonaro;2
lula;2
off;2
race;2
test;2
nyt;2
indonesia;2
remain;2
packed;2
least;2
died;2
many;2
game;2
what;2
town;2
did;2
search;2
decades;2
biggest;2
fort;2
myers;2
fla;2
join;2
rights;2
j;2
term;2
here‚Äôs;2
could;2
big;2
justices;2
trump;2
barrett;2
nobel;2
physiology;2
medicine;2
awarded;2
being;2
coming;2
them;2
marin;2
california;2
america‚Äôs;2
years;2
day;2
hot;2
spots;2
global;2
vaccinations;2
8;2
dishes;2
david;2
bean;2
soup;2
only;2
thomas;2
it‚Äôs;2
rabbi;2
getting;2
into;2
biden;2
been;2
too;2
rich;2
mullins;2
25;2
death;2
menu;2
book;2
maggie;2
haberman;2
our;2
newsletter;2
stock;2
trading;2
sunday;2
safe;2
space;2
list;2
like;2
production;2
oil;2
prices;2
group;2
wednesday;2
independence;2
movement;2
back;2
littlefeather;2
brando‚Äôs;2
dies;2
chronic;2
illness;2
l;2
undefeated;2
cheating;2
theodorou;2
box;2
office;2
change;2
loss;2
dating;2
akeel;2
shah;2
if;2
awawdeh;2
stoppard;2
beckett;2
get;2
friend‚Äôs;2
cowboys;2
driver;2
safety;2
concerns;2
thoughts;2
soccer;2
bee;2
words;2
letters;2
letter;2
maestro;2
part;2
boxed;2
ivor;2
preference;2
com/subscription;2
campaignid;2
com/international/;2
click&region;2
editions&pgtype;2
homepage;2
com/2022/10/02/us/migrants;2
marthas;2
com/2022/10/02/us/sister;2
damage;2
com/2022/10/02/us/conservative;2
com/interactive/2021/us/covid;2
tracker;2
dead;2
well;1
culture;1
lifestyle;1
athletic;1
offering;1
coverage;1
favorite;1
teams;1
leagues;1
¬©;1
work;1
advertise;1
brand;1
studio;1
ad;1
choices;1
privacy;1
site;1
map;1
subscriptions;1
special;1
offer;1
50;1
benefit;1
unlimited;1
analysis;1
cancel;1
pause;1
anytime;1
world;1
y;1
tech;1
science;1
arts;1
style;1
travel;1
international;1
canada;1
espa√±ol;1
‰∏≠‚ΩÇ;1
50/week;1
log;1
today‚Äôs;1
paper;1
23¬∞c;1
28¬∞;1
12¬∞;1
s&p;1
500;1
51%;1
scene;1
mission;1
beckons;1
migrants;1
martha‚Äôs;1
courtesy;1
taxpayers;1
venezuelan;1
asylum;1
seekers;1
recruited;1
appeared;1
former;1
army;1
counterintelligence;1
agent;1
paid;1
state;1
money;1
possible;1
violation;1
law;1
charter;1
airline;1
political;1
ties;1
gov;1
ron;1
matthew;1
busch;1
annexation;1
key;1
reclaimed;1
ukrainian;1
hunt;1
demoralized;1
stragglers;1
seized;1
reclaiming;1
ukraine‚Äôs;1
move;1
northeast;1
rushed;1
shore;1
defenses;1
electricity;1
radios;1
internet;1
unaware;1
short;1
illegal;1
land;1
grab;1
newspaper;1
facing;1
defeat;1
fled;1
‚Äúempty;1
eyes‚Äù;1
barely;1
escaping;1
lives;1
18;1
24m;1
7+;1
latest;1
reversal;1
drops;1
plan;1
k;1
earners;1
announcement;1
capitulation;1
prime;1
minister;1
government;1
proposal;1
roiled;1
financial;1
markets;1
drew;1
widespread;1
criticism;1
tolga;1
akmen/epa;1
outperforms;1
polls;1
brazil‚Äôs;1
jair;1
luiz;1
in√°cio;1
da;1
silva;1
face;1
30;1
seen;1
world‚Äôs;1
largest;1
democracies;1
dado;1
galdieri;1
victor;1
moriyama;1
appoints;1
independent;1
commission;1
investigate;1
27;1
15m;1
questions;1
police;1
tear;1
gas;1
disperse;1
fans;1
125;1
people;1
trampled;1
saturday‚Äôs;1
8+;1
h;1
prabowo/epa;1
floodwaters;1
rose;1
fought;1
save;1
disabled;1
destroyed;1
sanibel;1
200;1
households;1
evacuate;1
stranded;1
slogs;1
darcy;1
bishop;1
cared;1
two;1
cerebral;1
palsy;1
yet;1
aerial;1
videos;1
show;1
destruction;1
caused;1
hilary;1
swift;1
üìç;1
reporting;1
lee;1
racial;1
divide;1
herschel;1
couldn‚Äôt;1
outrun;1
teenage;1
prodigy;1
mr;1
pressed;1
fight;1
civil;1
hometown;1
decision;1
echoes;1
later;1
c;1
lee/atlanta;1
journal;1
constitution;1
ap;1
starts;1
poised;1
resume;1
rightward;1
push;1
upcoming;1
implications;1
businesses;1
return;1
start;1
include;1
affirmative;1
voting;1
discrimination;1
against;1
gay;1
couples;1
appointed;1
three;1
including;1
amy;1
coney;1
doug;1
mills/the;1
today;1
first;1
year;1
announcements;1
made;1
onetime;1
haven;1
skeptics;1
tells;1
‚Äòyou‚Äôre;1
welcome‚Äô;1
wealthy;1
highest;1
vaccination;1
rates;1
associated;1
anti;1
parents;1
jim;1
wilson/the;1
avg;1
changeworld;1
429;1
841;1
12%;1
406;1
19%;1
lookup;1
tastes;1
five;1
photographers;1
deep;1
connections;1
india;1
japan;1
korea;1
singapore;1
thailand;1
each;1
shared;1
region‚Äôs;1
signature;1
malosh;1
stylist;1
washburne;1
hearty;1
gets;1
better;1
time;1
charles;1
blow;1
america;1
ginni;1
problem;1
editorial;1
board;1
isn‚Äôt;1
listening;1
secret;1
pinchas;1
goldschmidt;1
am;1
longer;1
chief;1
moscow;1
sophie;1
callcot;1
there‚Äôs;1
still;1
trick;1
elite;1
jeff;1
shesol;1
silent;1
long;1
10;1
william;1
siu;1
games;1
won‚Äôt;1
let;1
my;1
daughters;1
ezra;1
klein;1
there;1
inflation;1
tish;1
harrison;1
warren;1
music;1
endures;1
case;1
missed;1
top;1
picks;1
recommended;1
squash;1
greens;1
anchors;1
tanis;1
finds;1
insights;1
trump‚Äôs;1
roots;1
says;1
friendship;1
expert;1
shares;1
strategies;1
adulthood;1
maureen;1
dowd;1
‚Äòmedea‚Äô;1
ross;1
douthat;1
nostalgia;1
kill;1
british;1
right;1
camila;1
falquez;1
guardians;1
future;1
congressional;1
democrats;1
criticizing;1
leaders;1
lack;1
ban;1
argument;1
spiraled;1
blame;1
climate;1
forward;1
all;1
certain;1
‚Äúbillion;1
dollar;1
disasters;1
home;1
security;1
camera;1
document;1
we‚Äôd;1
hear;1
opec;1
considering;1
prop;1
producers;1
which;1
meets;1
worried;1
declining;1
demand;1
slowing;1
economy;1
dropped;1
percent;1
since;1
june;1
quebec;1
gives;1
way;1
nationalism;1
monday‚Äôs;1
once;1
stronghold;1
expected;1
province‚Äôs;1
popular;1
premier;1
sacheen;1
activist;1
rejected;1
oscar;1
75;1
academy;1
awards;1
1973;1
actress;1
refused;1
marlon;1
behalf;1
protest;1
hollywood‚Äôs;1
depictions;1
native;1
americans;1
peter;1
garritano;1
singles;1
disclosure;1
hard;1
than;1
half;1
adults;1
condition;1
discussing;1
romantic;1
partners;1
challenging;1
western;1
mexico;1
braces;1
orlene;1
‚Äôs;1
fishing;1
contest;1
rocked;1
charges;1
weights;1
found;1
catches;1
elias;1
pioneer;1
medical;1
marijuana;1
34;1
‚Äòbros‚Äô;1
fails;1
‚Äòsmile‚Äô;1
arrives;1
sara;1
hylton;1
d;1
aims;1
definition;1
‚Äòhealthy;1
food‚Äô;1
matt;1
chase;1
never;1
early;1
think;1
bone;1
paige;1
vickers;1
treat;1
hair;1
alexis;1
jamet;1
turn;1
brain;1
mikey;1
burton;1
take;1
weekly;1
quiz;1
neeta;1
satam;1
michelin;1
starred;1
restaurant;1
ingredients;1
romance;1
marley;1
appetite;1
when;1
she;1
met;1
bonded;1
passions;1
love;1
immigrant;1
leader;1
spends;1
sundays;1
he‚Äôs;1
greeting;1
arrivals;1
murad;1
family;1
15;1
deeply;1
reported;1
history;1
19;1
‚Äòtextplay;1
‚Äô;1
snarky;1
electronic;1
conversation;1
falls;1
between;1
‚ù§;1
ü§∑;1
‚Äòmy;1
exorcism‚Äô;1
schoolers;1
contend;1
demonic;1
possession;1
making;1
dak;1
prescott;1
experts;1
discuss;1
takeaways;1
mitchell;1
leff/getty;1
images;1
nascar;1
boiling;1
point;1
talladega;1
‚Äúyou;1
can‚Äôt;1
just;1
nothing;1
happens;1
veteran;1
denny;1
hamlin;1
clemson;1
honeymoon;1
oklahoma;1
abruptly;1
while;1
kansas;1
become;1
most;1
lovable;1
eyewitness;1
account;1
journalist;1
describes;1
horror;1
inside;1
kanjuruhan;1
‚Äúlots;1
children;1
spelling;1
crossword;1
clued;1
wordplay;1
every;1
wordle;1
‚Äî;1
guess;1
word;1
chances;1
mini;1
intermediate;1
solving;1
moving;1
thursday;1
puzzles;1
create;1
using;1
around;1
square;1
tiles;1
match;1
visual;1
elements;1
chain;1
going;1
timesjason;1
joined;1
operation;1
hardest;1
communities;1
pine;1
barrier;1
west;1
cape;1
coral;1
saw;1
‚Üí;1
lymanlyman;1
timesivor;1
stored;1
browser;1
device;1
clear;1
cookies;1
forgotten;1
//cooking;1
us/articles/115014792127;1
copyright;1
notice;1
us/articles/115015385887;1
us/articles/115015727108;1
com/careers/;1
//nytmediakit;1
tbrandstudio;1
com/privacy/cookie;1
do;1
manage;1
trackers;1
com/privacy/privacy;1
us/articles/115014893428;1
us/articles/115014893968;1
com/sitemap/;1
37wxw;1
com/international/section/world;1
com/international/section/us;1
com/international/section/politics;1
com/international/section/nyregion;1
com/international/section/business;1
com/international/section/opinion;1
com/international/section/technology;1
com/international/section/science;1
com/international/section/health;1
com/international/section/sports;1
com/international/section/arts;1
com/international/section/books;1
com/international/section/style;1
com/international/section/food;1
com/international/section/travel;1
com/international/section/magazine;1
com/international/section/t;1
com/video;1
com/ca/;1
com/es/;1
//cn;1
9yu8r;1
//myaccount;1
com/auth/login;1
response;1
type;1
cookie&client;1
id;1
vi&redirect;1
uri;1
https%3a%2f%2fwww;1
com%2fsubscription%2fonboarding;1
offer%3fcampaignid%3d7jfjx&asset;1
masthead;1
com/section/todayspaper;1
com/2022/10/03/world/europe/russia;1
com/2022/10/02/world/europe/ukraine;1
com/live/2022/10/03/world/russia;1
war;1
com/2022/10/03/world/europe/uk;1
com/2022/10/03/world/americas/brazil;1
elections;1
com/live/2022/10/03/world/indonesia;1
com/interactive/2022/10/01/us/hurricane;1
com/2022/10/02/us/sanibel;1
com/2022/10/02/us/politics/herschel;1
georgia;1
senate;1
com/2022/10/01/business/dealbook/supreme;1
com/2022/10/03/health/nobel;1
winner;1
com/2022/10/02/us/covid;1
com/interactive/2022/09/29/travel/popular;1
traditional;1
com/section/opinion;1
com/2022/09/30/dining/fall;1
com/2022/10/02/opinion/ginni;1
clarence;1
com/2022/10/01/opinion/supreme;1
com/2022/10/02/opinion/moscow;1
yom;1
kippur;1
com/2022/10/01/opinion/school;1
private;1
com/2022/09/30/opinion/supreme;1
com/2022/10/02/opinion/video;1
addiction;1
com/2022/10/01/opinion/inflation;1
consumption;1
com/2022/10/02/opinion/rich;1
anniversary;1
com/2022/09/28/books/review/confidence;1
man;1
com/2022/10/01/well/live/how;1
adult;1
com/2022/10/01/opinion/putin;1
nuclear;1
com/2022/10/01/opinion/uk;1
conservatism;1
europe;1
com/2022/10/01/opinion/climate;1
indigenous;1
activists;1
com/2022/09/30/us/politics/congress;1
com/2022/10/02/podcasts/the;1
daily/the;1
became;1
viral;1
nightmare;1
com/2022/09/30/climate/hurricane;1
cost;1
com/2022/09/29/us/hurricane;1
callout;1
com/2022/10/02/business/opec;1
com/2022/10/02/world/canada/quebec;1
francois;1
legault;1
com/2022/10/03/movies/sacheen;1
com/2022/09/28/well/live/chronic;1
com/article/orlene;1
com/2022/10/02/sports/football/eagles;1
jaguars;1
score;1
com/2022/10/02/us/fishing;1
tournament;1
scandal;1
lake;1
erie;1
com/2022/10/02/sports/elias;1
com/2022/10/02/movies/bros;1
smile;1
com/2022/09/29/well/fda;1
healthy;1
com/2022/09/29/well/bone;1
hip;1
fractures;1
osteoporosis;1
com/2022/09/30/well/live/hair;1
com/interactive/2022/09/23/well/mind/brown;1
com/interactive/2022/09/29/well/live/29healthquiz;1
09292022;1
com/2022/09/30/style/marley;1
wedding;1
com/2022/10/01/nyregion/murad;1
immigration;1
com/2022/09/29/books/october;1
com/2022/09/30/theater/review;1
textplay;1
com/2022/09/30/movies/my;1
exorcism;1
totally;1
satan;1
com/3649855/2022/10/02/nfl;1
bills/;1
com/3646742/2022/10/01/nascar;1
talladega/;1
com/3648290/2022/10/02/stewart;1
mandel;1
final;1
football/;1
com/3648542/2022/10/02/arema;1
indonesia/;1
com/puzzles/spelling;1
com/crosswords;1
com/games/wordle/index;1
com/2022/09/19/crosswords/mini;1
com/puzzles/letter;1
com/puzzles/tiles;1
