t;591
e;483
a;402
i;348
r;327
n;257
s;236
o;222
l;203
p;184
de;152
c;129
d;120
h;89
f;81
u;81
g;80
el;75
m;75
tika;71
en;70
la;67
que;64
1;51
y;51
apache;51
x;51
/;48
un;47
2;46
4;46
k;42
";42
los;40
del;34
−;33
3;33
podemos;30
v;30
new;30
para;29
https;29
5;29
se;28
es;27
−−;27
como;23
•;23
por;22
fichero;20
parser;19
texto;19
una;19
con;18
las;18
b;18
ta;18
//tika;16
j;16
rg;16
documento;15
pdf;15
ejemplo;15
8;15
9;15
jar;15
html;14
nos;14
6;14
or;14
system;14
metada;14
forma;13
metadatos;13
7;13
extraer;12
este;12
ejemplos;12
lo;12
documentos;11
10;11
org;11
contenido;10
conten;10
11;10
and;10
+;10
información;9
al;9
xml;9
si;9
java;9
12;9
document;9
name;9
formato;8
distintos;8
podremos;8
encontrar;8
17;8
app;8
outpu;8
13;8
14;8
utilizar;8
og;8
log;8
21;7
puede;7
entregar;7
cada;7
donde;7
url;7
sobre;7
etc;7
mime;7
0;7
tipo;7
web;7
xhtml;7
15;7
16;7
18;7
19;7
w;7
no;7
salida;7
ugr;7
frecuencia;7
práctica;6
org/;6
permite;6
ficheros;6
así;6
z;6
gui;6
20;6
id;6
más;6
org/2;6
le;6
gráfico;6
realizar;5
caso;5
digitales;5
lenguaje;5
aplicaciones;5
image;5
metadata;5
tipos;5
mas;5
//www;5
descargar;5
[;5
];5
use;5
on;5
22;5
ver;5
esto;5
hacer;5
utilizando;5
simple;5
clase;5
pdfparser;5
entrada;5
ch;5
bodyconten;5
thand;5
sax;5
partir;4
análisis;4
incluir;4
formatos;4
su;4
datos;4
tamaño;4
−type;4
2005;4
http;4
proporciona;4
uso;4
página;4
libro;4
in;4
enlaces;4
patricia;4
23;4
hemos;4
codificación;4
pero;4
tml;4
th;4
depar;4
amen;4
to;4
computación;4
método;4
contenthandler;4
considerar;4
siguiente;4
me;4
tada;4
example;4
\;4
palabras;4
ln;4
objetivo;3
esta;3
cómo;3
proceso;3
uno;3
programas;3
sin;3
son;3
herramienta;3
automática;3
mismos;3
textual;3
versión;3
elementos;3
iso;3
length;3
−09;3
−28t07;3
cp;3
28;3
bien;3
parsed;3
−by;3
interfaz;3
detección;3
idioma;3
tutorialspoint;3
com/tika;3
//cwiki;3
nivel;3
tareas;3
sistemas;3
permitiendo;3
completo;3
fecha;3
todo;3
través;3
−app;3
mode;3
main;3
ly;3
24;3
25;3
you;3
escrito;3
ejecutar;3
cuando;3
estructura;3
orden;3
tener;3
cuenta;3
visto;3
//decsai;3
queremos;3
granada;3
ejemplosimple;3
control;3
parse;3
stream;3
representa;3
tanto;3
nombre;3
met;3
org/1;3
6/formats;3
chxml;3
tohtmlcontenthandler;3
tohtmlhandler;3
ioma;3
1/examples;3
//svn;3
org/repos/asf/tika/trunk/tika;3
sea;3
menos;3
generar;3
pueden;3
csv;3
obtener;3
gutenberg;3
constantes;3
2022;2
veremos;2
poder;2
cualquier;2
dos;2
debe;2
trabajo;2
mundo;2
sus;2
tiene;2
png;2
xls;2
mayoría;2
sólo;2
conjunto;2
deben;2
pasos;2
ser;2
hora;2
detectar;2
ir;2
desde;2
for;2
application/pdf;2
wit;2
ten;2
frank;2
eibe;2
−date;2
−encoding;2
−8859;2
−1;2
extrae;2
sencilla;2
componentes;2
hace;2
específicos;2
desarrollo;2
genérica;2
tres;2
detecta;2
castellano;2
francés;2
action;2
encuentra;2
usan;2
utilizan;2
búsqueda;2
org/confluence/display/tika/;2
crawler;2
todos;2
utiliza;2
código;2
trabajar;2
entender;2
ejecutando;2
línea;2
comandos;2
usage;2
−v;2
−m;2
password;2
−z;2
26;2
27;2
29;2
30;2
31;2
32;2
33;2
can;2
rgumen;2
"−−;2
from;2
estamos;2
pasado;2
explorando;2
tengamos;2
pasa;2
formateado;2
entiende;2
correcto;2
cabeceras;2
plano;2
text;2
utilizará;2
sistema;2
mediante;2
obteniendo;2
utf−8;2
wid;2
x−tika;2
pág;2
geo;2
400;2
px;2
nuestros;2
programa;2
ika;2
vo;2
"+;2
extracción;2
parsetostring;2
mismo;2
da;2
caracteres;2
estos;2
recomienda;2
reader;2
inputstream;2
handler;2
parsecontext;2
www;2
head;2
body;2
parámetro;2
utilizado;2
aplicación;2
1/parser;2
content;2
type;2
podríamos;2
pueda;2
alto;2
patrón;2
names;2
considerando;2
trabajando;2
xmlparser;2
pxml;2
toxmlcontenthandler;2
mayor;2
metadatanames;2
ello;2
ro;2
ws;2
identificación;2
identificar;2
ge;2
tlanguage;2
apare;2
directorio;2
será;2
debemos;2
tabla;2
contenga;2
términos;2
decreciente;2
’;2
vez;2
nube;2
//wordart;2
com/create;2
anterior;2
palabra;2
figura;2
figure;2
apartado;2
frecuencias;2
eje;2
ley;2
zipf;2
rm;2
dichas;2
entrega;2
preprocesado;1
september;1
dado;1
independiente;1
archivo;1
paso;1
previo;1
recuperación;1
textos;1
individual;1
grupos;1
personas;1
final;1
misma;1
informe;1
necesariamente;1
sección;1
denominada;1
grupo;1
indicará;1
clara;1
contribución;1
alumno;1
diferente;1
jpg;1
gif;1
doc;1
odt;1
rss;1
mp3;1
entienden;1
propio;1
pequeño;1
relacionados;1
embargo;1
muchas;1
acceder;1
almacenada;1
buscadores;1
daremos;1
primeros;1
sultar;1
va;1
utilidad;1
bucear;1
dentro;1
meta;1
proporcionan;1
determinado;1
localización;1
autor;1
estádar;1
multipursose;1
internet;1
mail;1
extension;1
especifica;1
mato;1
consiste;1
identificador;1
tipo/subtipo;1
opcional;1
atributo;1
valor;1
text/plain;1
charset;1
8859;1
application/msword;1
version;1
jpeg;1
author;1
8138814;1
isbn;1
0120884070;1
modi;1
ed;1
−save;1
team;1
ddu;1
wed;1
sep;1
cest;1
3821;1
x−;1
resourcename;1
gran;1
variedad;1
ppt;1
mpeg4;1
acceso;1
distintas;1
cual;1
analizadores;1
sintácticos;1
ya;1
sean;1
genéricos;1
facilitando;1
nuestra;1
tarea;1
determinar;1
está;1
inglés;1
ayuda;1
completa;1
asignatura;1
chris;1
mattmann;1
jukka;1
zitting;1
tutorial;1
wiki;1
org/confluence/;1
display/tika/;1
existen;1
varias;1
internamente;1
pasamos;1
destacar;1
algunas;1
ellas;1
motores;1
fase;1
indexación;1
arañas;1
hacen;1
docu;1
mentos;1
campo;1
inteligencia;1
artificial;1
herramientas;1
analizan;1
semántico;1
ex;1
traen;1
clasifi;1
cación;1
documental;1
gestión;1
recursos;1
permiten;1
ges;1
tionar;1
imágenes;1
animaciones;1
presentaciones;1
organización;1
conversión;1
edición;1
distribución;1
verificación;1
integridad;1
recomendación;1
utilizadas;1
comercio;1
electrónico;1
mahout;1
entorno;1
algoritmos;1
aprendizaje;1
automático;1
recomen;1
dación;1
seguir;1
allí;1
indicados;1
junio;1
septiembre;1
v2;1
necesario;1
fácil;1
potencialidades;1
uti;1
lizar;1
help;1
muestra;1
lista;1
opciones;1
disponibles;1
message;1
debug;1
messages;1
number;1
−g;1
mueve;1
red;1
coger;1
busqueda;1
vale;1
sitio;1
descarga;1
necesita;1
procesa;1
lleva;1
cola;1
−s;1
fork;1
out;1
−of;1
−x;1
−−xml;1
−h;1
−t;1
−main;1
json;1
−y;1
−−xmp;1
xmp;1
−d;1
−ex;1
−px;1
adds;1
ngram;1
where;1
34;1
35;1
36;1
37;1
38;1
−met;1
−models;1
39;1
models;1
keys;1
40;1
41;1
known;1
media;1
42;1
43;1
44;1
45;1
command;1
46;1
47;1
48;1
49;1
of;1
be;1
50;1
51;1
52;1
"−";1
used;1
53;1
were;1
54;1
55;1
56;1
57;1
58;1
"−g;1
59;1
rag;1
drop;1
60;1
normal;1
window;1
61;1
62;1
63;1
64;1
65;1
"−s;1
66;1
the;1
67;1
as;1
one;1
more;1
conocer;1
dará;1
english;1
español;1
fr;1
consultar;1
algún;1
seguros;1
perdido;1
extensión;1
han;1
adjunto;1
consideramos;1
nuestro;1
ordenador;1
algunos;1
asig;1
natura;1
exploramos;1
usuario;1
idealmente;1
identificados;1
extraído;1
estructurado;1
fuente;1
también;1
prueba;1
txt;1
incluso;1
defecto;1
cambiar;1
encoding;1
solo;1
interesados;1
obtenemos;1
−language;1
44092;1
drupa;1
/www;1
mobi;1
leopt;1
imized;1
dc;1
ccia−ugr;1
lacename;1
españa;1
themes;1
custom;1
logo;1
dev;1
ce;1
−width;1
api;1
implementa;1
métodos;1
básicos;1
centrarnos;1
clases;1
veamos;1
implementar;1
row;1
creaamos;1
argumento;1
tec;1
tamos;1
+";1
ext;1
reamos;1
ejecutarlo;1
javac;1
llamamos;1
primero;1
después;1
avanzar;1
soporte;1
convirtiendo;1
string;1
limitado;1
100000;1
grande;1
analizará;1
casos;1
incremen;1
tal;1
abstracta;1
leer;1
streams;1
file;1
otra;1
alternativa;1
parser1;1
principal;1
void;1
context;1
throws;1
ioexception;1
saxexception;1
tikaexception;1
bytes;1
lee;1
leído;1
cerrado;1
típico;1
open;1
eam;1
tructurado;1
util;1
ice;1
consideren;1
conceptos;1
xmlns;1
w3;1
representar;1
resource;1
key;1
1más;1
1/;1
title;1
título;1
tam;1
bién;1
propios;1
esperar;1
doctype;1
modificar;1
comportamiento;1
indicando;1
contexto;1
concreto;1
vamos;1
dando;1
preciso;1
cliente;1
fachada;1
delega;1
operaciones;1
objetos;1
apropiados;1
indica;1
listado;1
accedemos;1
"+name;1
sigu;1
iente;1
tenemos;1
muchos;1
encuentran;1
almacenados;1
merece;1
tratamiento;1
especial;1
diseño;1
facade;1
siempre;1
recurrir;1
especifico;1
procesar;1
encriptados;1
disponemos;1
clave;1
parte;1
name+;1
parsear;1
sacándole;1
teecontenthandler;1
agrupar;1
parsearhtml;1
openst;1
ream;1
stemmer;1
ioexcep;1
loadmode;1
"xxxxxx"+;1
adicionales;1
incluidos;1
cen;1
entrar;1
pide;1
capaz;1
toda;1
cuelgan;1
pro;1
grama;1
crearemos;1
almacenaremos;1
mín;1
imo;1
formatos2;1
siguientes;1
salidas;1
función;1
pasemos;1
ocurrencia;1
cer;1
termino;1
número;1
ocurrencias;1
término;1
separa;1
obtenido;1
124;1
utilizarlo;1
crear;1
entre;1
otros;1
2podemos;1
creados;1
elaborar;1
codificacion;1
meter;1
algun;1
sacar;1
todas;1
urls;1
numero;1
num;1
sale;1
medimos;1
espacios;1
blanco;1
mayusculas;1
opción;1
importar;1
generadas;1
word;1
art;1
centraremos;1
aquellos;1
os;1
podéis;1
proyecto;1
idiomas;1
diferentes;1
obtenida;1
pasar;1
minúsculas;1
excel;1
ponemos;1
luego;1
hacemos;1
grafica;1
eso;1
sera;1
punto;1
vector;1
poniendo;1
repetir;1
curvas;1
absolutas;1
derecha;1
obtenidas;1
analizar;1
novela;1
moby;1
dick;1
herman;1
melville;1
presenten;1
ordenados;1
igual;1
presentará;1
comprobar;1
sigue;1
salvo;1
considerable;1
poco;1
probable;1
actualizada;1
viene;1
dada;1
ecuación;1
booth;1
federowicz;1
posición;1
ranking;1
ordenación;1
hacerlo;1
teniendo;1
realizamos;1
ajuste;1
lineal;1
quizás;1
hoja;1
cálculo;1
office;1
octubre;1
