de;312
la;178
el;136
a;132
que;130
y;117
en;104
los;91
se;90
bennett;72
un;63
del;58
una;58
su;54
francis;54
las;53
no;50
con;47
por;42
es;39
lo;36
al;35
este;28
señor;24
más;23
para;20
usted;18
sus;17
respondió;17
doctor;17
qué;16
ha;15
sin;14
como;14
si;14
fue;14
herald;14
está;14
pero;14
sobre;13
muy;13
bien;13
sala;13
entonces;13
earth;12
mi;12
años;11
sí;11
mil;10
biblioteca;10
son;10
uno;10
esta;10
sam;10
día;9
donde;9
org;9
ya;9
bajo;9
o;9
tres;9
desde;9
nada;9
kilómetros;8
hora;8
tan;8
había;8
tiempo;8
así;8
cuando;8
mansión;8
sabe;8
aún;8
le;8
dijo;8
me;8
medio;7
nuestra;7
hace;7
http;7
//www;7
después;7
haber;7
dos;7
periódico;7
menos;7
director;7
ser;7
gracias;7
estaba;7
mrs;7
bueno;7
siglo;6
ante;6
les;6
cada;6
cien;6
millones;6
parís;6
todo;6
último;6
haya;6
universal;6
abonados;6
puede;6
sólo;6
querido;6
minutos;6
luego;6
toda;6
hacer;6
faithburn;6
jornada;5
progreso;5
estas;5
esas;5
nueva;5
telefoto;5
nuestros;5
calor;5
electricidad;5
hombre;5
todas;5
nuestro;5
unos;5
energía;5
estos;5
ni;5
city;5
hoy;5
gobierno;5
cinco;5
hasta;5
vez;5
otro;5
cincuenta;5
solo;5
edith;5
hay;5
cómo;5
momento;5
mundo;5
noche;5
servicio;5
cual;5
será;5
corley;5
publicidad;5
dólares;5
nubes;5
nathaniel;5
julio;4
diez;4
york;4
cuales;4
teléfono;4
aparatos;4
fines;4
enorme;4
tanto;4
gran;4
acumuladores;4
también;4
trabajo;4
ellos;4
pues;4
vida;4
doscientos;4
nombre;4
nuevo;4
iba;4
treinta;4
cuatro;4
cuyo;4
alguna;4
sabios;4
ocho;4
mientras;4
mismo;4
poco;4
era;4
época;4
mediante;4
esa;4
mejor;4
parece;4
he;4
reporteros;4
entero;4
contra;4
científica;4
mucho;4
luna;4
acababa;4
preguntó;4
todos;4
siquiera;4
parte;4
muerto;4
tras;4
embajador;4
tubo;4
cuenta;3
ciudades;3
siempre;3
cielo;3
cuya;3
veces;3
eran;3
tubos;3
través;3
ar/;3
1;3
antiguos;3
xix;3
dado;3
ese;3
determinar;3
método;3
quien;3
nuevos;3
fuerza;3
fin;3
forma;3
espacio;3
han;3
debe;3
sistema;3
algunos;3
setenta;3
americanos;3
duda;3
tal;3
humana;3
descubrimiento;3
aire;3
2890;3
aquella;3
hacía;3
días;3
estaban;3
europa;3
sombreros;3
pesar;3
pronto;3
público;3
joven;3
hacia;3
satisfecho;3
necesario;3
tiene;3
comunicación;3
imperio;3
aquí;3
júpiter;3
esto;3
dirigió;3
redacción;3
veamos;3
veinte;3
planeta;3
sabio;3
óptica;3
dirigiéndose;3
aquel;3
estar;3
nueve;3
antes;3
estómago;3
audiencia;3
eléctricamente;3
largo;3
esos;3
posible;3
salón;3
rusia;3
algunas;3
inglaterra;3
cristal;3
frente;3
querida;3
llegado;3
tengo;3
visita;3
aerocoche;3
va;3
volvió;3
cuerpo;3
segundo;3
hibernación;3
momia;3
operación;3
cuándo;3
bañera;3
periodista;2
americano;2
hombres;2
ello;2
maravillas;2
pasado;2
modernas;2
calles;2
metros;2
trescientos;2
temperatura;2
lado;2
habitantes;2
aquellos;2
mal;2
unas;2
caballos;2
creer;2
funcionamiento;2
frecuentes;2
precio;2
aerotrenes;2
neumáticos;2
velocidad;2
500;2
rápida;2
perfectamente;2
quizás;2
científicos;2
diferencia;2
entre;2
fuerzas;2
modo;2
vibración;2
ellas;2
llegar;2
extraordinario;2
otra;2
recientemente;2
embargo;2
sucedieron;2
cosas;2
solamente;2
célebre;2
debemos;2
solares;2
otros;2
fuente;2
cualquiera;2
él;2
luz;2
mecánica;2
fueron;2
verdaderamente;2
aérea;2
permitido;2
producción;2
vamos;2
incomparable;2
estados;2
unidos;2
américas;2
new;2
ver;2
veinticinco;2
seguido;2
tomó;2
difusión;2
lugar;2
reportero;2
ochenta;2
fortuna;2
podido;2
edificar;2
rey;2
aceptar;2
plenipotenciarios;2
mismos;2
ministros;2
puerta;2
consejos;2
todopoderoso;2
inventores;2
descanso;2
cotidiana;2
siete;2
promedio;2
presencia;2
esperamos;2
ahora;2
ocupaciones;2
25;2
año;2
mañana;2
humor;2
francia;2
primera;2
fonotelefoto;2
cuyos;2
hilos;2
iban;2
dar;2
campos;2
palabra;2
eléctricas;2
ayer;2
inventor;2
mujer;2
distancia;2
dulce;2
víspera;2
sea;2
todavía;2
acaso;2
";2
queriendo;2
penetra;2
mecánico;2
ayuda;2
ningún;2
máquina;2
oficinas;2
ronda;2
comenzar;2
folletinistas;2
vasta;2
amigo;2
jamás;2
john;2
last;2
estoy;2
acción;2
resultado;2
eléctrico;2
dice;2
suficiente;2
habiendo;2
inspección;2
reportajes;2
durante;2
además;2
serie;2
sino;2
fotografía;2
cash;2
recibido;2
marte;2
central;2
incluso;2
fórmulas;2
señores;2
respuesta;2
deja;2
desear;2
telescopios;2
colega;2
ponga;2
lentes;2
falta;2
ah;2
cerca;2
faltan;2
cara;2
nos;2
quién;2
fábrica;2
mecánicos;2
tenía;2
seiscientos;2
cuarenta;2
necesita;2
ciento;2
doce;2
horas;2
exclamó;2
cuestiones;2
noticia;2
número;2
entrevistado;2
asunto;2
ejecutado;2
sido;2
galería;2
kilómetro;2
absolutamente;2
proyectores;2
entró;2
buen;2
lluvia;2
podemos;2
diversas;2
excelencia;2
frontera;2
rin;2
excelente;2
cualquier;2
nuestras;2
china;2
litoral;2
océano;2
mar;2
leguas;2
cónsul;2
campaña;2
simplemente;2
anexión;2
bretaña;2
yo;2
américa;2
mejores;2
eso;2
queda;2
comedor;2
allí;2
mesa;2
mano;2
grifos;2
abre;2
cocina;2
sociedad;2
red;2
volvía;2
apareció;2
dónde;2
terminado;2
tarde;2
ve;2
hacerle;2
modista;2
principio;2
niágara;2
media;2
diaria;2
pretendía;2
moda;2
quince;2
tanta;2
debía;2
químico;2
médico;2
moría;2
reducido;2
habré;2
logrado;2
madera;2
idea;2
ciudad;2
rieles;2
ir;2
llevaba;2
atención;2
decir;2
dentro;2
grados;2
estado;2
resurrección;2
girando;2
abrió;2
colocado;2
venía;2
apenas;2
regresar;2
voy;2
tipo;2
totalizador;2
ella;2
perfeccionado;2
habitación;2
baño;2
desea;2
botón;2
siguiente;2
www;2
ar/comentario;2
htm;2
verne;1
2889;1
xxix;1
viven;1
espectáculo;1
magia;1
continua;1
parezcan;1
darse;1
hastiados;1
permanecen;1
indiferentes;1
aporta;1
siendo;1
justos;1
apreciarían;1
merecen;1
refinamientos;1
civilización;1
compararan;1
darían;1
camino;1
recorrido;1
cuánto;1
admirables;1
parecerían;1
ancho;1
casas;1
altura;1
igual;1
surcado;1
miles;1
aerocoches;1
aeroómnibus;1
población;1
alcanza;1
pueblos;1
aquellas;1
aldeas;1
londres;1
berlín;1
villorrios;1
aireados;1
enlodados;1
circulaban;1
cajas;1
traqueteantes;1
tiradas;1
recordaran;1
defectuoso;1
paquebotes;1
ferrocarriles;1
lentitud;1
colisiones;1
pagarían;1
viajeros;1
tendidos;1
océanos;1
transporta;1
disfrutaría;1
recordando;1
morse;1
hugues;1
ineficientes;1
transmisión;1
despachos;1
extraño;1
sorprendentes;1
transformaciones;1
fundamentan;1
principios;1
conocidos;1
antepasados;1
habían;1
descuidado;1
demasiado;1
efecto;1
vapor;1
afirmaban;1
única;1
físicas;1
químicas;1
reside;1
propio;1
partículas;1
etéricas;1
puesto;1
paso;1
reconocer;1
similitud;1
realmente;1
inconcebible;1
necesitado;1
modos;1
diferencian;1
reproducirlas;1
directamente;1
descubierto;1
2790;1
oswald;1
nyer;1
consiguió;1
verdadero;1
benefactor;1
humanidad;1
genial;1
invención;1
madre;1
otras;1
surgió;1
pléyade;1
innovadores;1
condujo;1
james;1
jackson;1
condensan;1
contenida;1
rayos;1
almacenada;1
seno;1
globo;1
proviene;1
vientos;1
cascadas;1
ríos;1
arroyos;1
etc;1
procede;1
transformador;1
extrayendo;1
potencia;1
devuelve;1
obtenido;1
deseado;1
instrumentos;1
ideados;1
origina;1
aplicaciones;1
incalculables;1
atenuar;1
rigores;1
invierno;1
restitución;1
exceso;1
calores;1
estivales;1
ayudado;1
eficazmente;1
agricultura;1
suministrar;1
motriz;1
navegación;1
comercio;1
desarrollara;1
magníficamente;1
incesante;1
pilas;1
máquinas;1
combustión;1
incandescencia;1
inagotable;1
centuplicado;1
industrial;1
encontrar;1
conjunto;1
inaugurada;1
avenida;1
16823;1
actual;1
capital;1
fundador;1
gordon;1
volviera;1
diría;1
palacio;1
mármol;1
oro;1
pertenece;1
ilustre;1
nieto;1
generaciones;1
mantuvo;1
distinguida;1
familia;1
unión;1
trasladó;1
washington;1
siguió;1
piense;1
declinado;1
administración;1
contrario;1
infundirle;1
vitalidad;1
paralelos;1
inaugurar;1
periodismo;1
telefónico;1
conocemos;1
llevado;1
práctica;1
increíble;1
mañanas;1
impreso;1
tiempos;1
"hablado";1
conversación;1
político;1
científico;1
informan;1
interesarles;1
cuanto;1
clientes;1
suscriptos;1
centavos;1
toman;1
conocimiento;1
ejemplar;1
innumerables;1
cabinas;1
fonográficas;1
innovación;1
revitalizó;1
antiguo;1
meses;1
clientela;1
ascendió;1
aumentó;1
gradualmente;1
cifra;1
altamente;1
superada;1
actualidad;1
colosal;1
construcción;1
fachadas;1
mide;1
techo;1
ampara;1
glorioso;1
pabellón;1
estrellas;1
confederación;1
periodistas;1
sería;1
pudiesen;1
figura;1
soberano;1
naciones;1
apretujan;1
mendigando;1
buscando;1
aprobación;1
implorando;1
apoyo;1
órgano;1
calcúlese;1
cantidad;1
animaba;1
artistas;1
mantenía;1
subvencionaba;1
realeza;1
fatigosa;1
suya;1
ciertamente;1
hubiera;1
resistir;1
labor;1
felizmente;1
constitución;1
robusta;1
higiene;1
gimnasia;1
hecho;1
elevar;1
alimentos;1
futuro;1
nutritivo;1
permitirá;1
nutrirse;1
respirar;1
interesa;1
conocer;1
constituye;1
tómense;1
molestia;1
seguirlo;1
múltiples;1
presente;1
despertado;1
esposa;1
encontraba;1
casados;1
profesional;1
beauty;1
ausentaba;1
habitualmente;1
bastaban;1
viajes;1
particularmente;1
comprarse;1
preocupación;1
poner;1
poseía;1
elíseos;1
complementado;1
conquista;1
tantos;1
transmite;1
corrientes;1
transmitir;1
imagen;1
valioso;1
agradecer;1
percibió;1
reproducida;1
espejo;1
telefótico;1
separaba;1
visión;1
cansada;1
baile;1
teatro;1
cama;1
aunque;1
allá;1
casi;1
mediodía;1
duerme;1
cabeza;1
seductora;1
oculta;1
encajes;1
almohada;1
agita;1
labios;1
tiemblan;1
soñando;1
sueña;1
escapa;1
boca;1
pronunciado;1
voz;1
aspecto;1
feliz;1
despertar;1
bella;1
durmiente;1
salta;1
rapidez;1
lecho;1
vestidor;1
hubiese;1
recurrido;1
sirviente;1
depositaba;1
lavado;1
peinado;1
calzado;1
vestido;1
abotonado;1
arriba;1
abajo;1
umbral;1
penetró;1
primero;1
coronada;1
cúpula;1
translúcida;1
rincón;1
diversos;1
telefónicos;1
literatos;1
narraban;1
capítulos;1
novelas;1
enardecido;1
divisando;1
tomaba;1
capítulo;1
escena;1
campesina;1
aborda;1
enamorado;1
problemas;1
filosofía;1
trascendente;1
producto;1
finísima;1
observación;1
pintado;1
costumbres;1
campestres;1
continúe;1
archibald;1
ánimo;1
prosiguió;1
volviéndose;1
colaboradores;1
novela;1
verídica;1
corre;1
rápido;1
meta;1
métodos;1
documentales;1
disecar;1
pluma;1
escribe;1
bisturí;1
real;1
pensamientos;1
fugitivos;1
sucesivos;1
enumerar;1
esmero;1
crear;1
vivo;1
fácil;1
servirse;1
hipnotismo;1
desdobla;1
libera;1
personalidad;1
observe;1
vive;1
imite;1
compañero;1
felicitado;1
hágase;1
hipnotizar;1
breve;1
lección;1
continúa;1
quinientos;1
situados;1
sendos;1
teléfonos;1
comunicaban;1
noticias;1
recibidas;1
organización;1
descripto;1
menudo;1
conmutadores;1
permiten;1
establecer;1
línea;1
telefótica;1
reciben;1
narración;1
imágenes;1
acontecimientos;1
obtenidas;1
intensiva;1
interpela;1
astronómicos;1
destinados;1
aumentará;1
descubrimientos;1
ocurridos;1
estelar;1
fototelegramas;1
mercurio;1
venus;1
interesante;1
revolución;1
provecho;1
demócratas;1
liberales;1
republicanos;1
conservadores;1
logramos;1
entender;1
señales;1
jovianos;1
concierne;1
hago;1
responsable;1
disgustado;1
inclinados;1
calculadoras;1
absorbían;1
ecuaciones;1
nonagésimo;1
quinto;1
grado;1
trabajaban;1
infinito;1
algebraico;1
veinticuatro;1
dimensiones;1
escolar;1
juega;1
reglas;1
aritmética;1
cayó;1
bomba;1
dicen;1
ninguna;1
estudia;1
quiere;1
interpelado;1
e;1
oyó;1
peer;1
interrumpió;1
especialidad;1
diablos;1
regresó;1
obtenemos;1
resultados;1
respecto;1
tampoco;1
acusará;1
seiscientas;1
obstante;1
correspondencia;1
establecido;1
regularidad;1
fina;1
sonrisa;1
atreve;1
afirmar;1
deshabitada;1
muestra;1
sencillo;1
cerciorarse;1
cuál;1
vuelta;1
comenzaron;1
proyectar;1
medios;1
debían;1
llevar;1
rotación;1
satélite;1
demás;1
motivos;1
astrónomos;1
elementos;1
gandini;1
describe;1
órbita;1
alrededor;1
sol;1
realizarla;1
noventa;1
segundos;1
décimas;1
encantado;1
precisión;1
apresúrese;1
informar;1
pasión;1
sigue;1
astronómicas;1
quiero;1
aparezca;1
abandonar;1
acercó;1
grupo;1
especial;1
entrevistadores;1
encargado;1
personajes;1
célebres;1
presidente;1
wilcox;1
publico;1
columna;1
informaciones;1
sufre;1
dilatación;1
someterse;1
lavados;1
tubulares;1
concienzudos;1
perfecto;1
asesino;1
chapmann;1
jurados;1
deben;1
presidir;1
están;1
acuerdo;1
culpabilidad;1
caso;1
expuesto;1
acusado;1
condenado;1
dolor;1
supone;1
dilucidado;1
detalle;1
contigua;1
consagrada;1
fácilmente;1
imagina;1
producía;1
ingenioso;1
difundía;1
novedosa;1
debida;1
patente;1
comprada;1
pobre;1
diablo;1
hambre;1
consiste;1
inmensos;1
carteles;1
reflejan;1
dimensión;1
percibir;1
comarca;1
ocupaban;1
cesar;1
enviar;1
anuncios;1
desmesurados;1
reproducían;1
colores;1
vio;1
brazos;1
cruzados;1
inactivos;1
informa;1
muestran;1
azul;1
puro;1
murmura;1
tratase;1
podríamos;1
producirla;1
necesitamos;1
hermosas;1
blancas;1
jefe;1
samuel;1
mark;1
dirigirá;1
meteorológico;1
dirá;1
pongan;1
trabajar;1
artificiales;1
quedarnos;1
merced;1
acabado;1
divisiones;1
pasó;1
recepción;1
esperaban;1
embajadores;1
acreditados;1
caballeros;1
venían;1
buscar;1
entraba;1
discutiendo;1
cierta;1
animación;1
perdone;1
decía;1
mí;1
cambiar;1
mapa;1
norte;1
eslavos;1
sur;1
latinos;1
común;1
sépalo;1
resistirá;1
maniobra;1
haga;1
prefecturas;1
roma;1
madrid;1
viena;1
dicho;1
interviniendo;1
debate;1
vasto;1
orillas;1
extiende;1
fronteras;1
inmenso;1
bañan;1
glacial;1
atlántico;1
negro;1
bósforo;1
índico;1
amenazas;1
guerra;1
invenciones;1
obuses;1
asfixiantes;1
envían;1
cientos;1
centellas;1
pueden;1
aniquilar;1
golpe;1
ejército;1
proyectiles;1
cargan;1
microbios;1
peste;1
cólera;1
fiebre;1
amarilla;1
destruirían;1
nación;1
sabemos;1
queremos;1
empujados;1
nosotros;1
chinos;1
oriental;1
intentar;1
cueste;1
costare;1
oeste;1
correcto;1
replicó;1
tono;1
protector;1
proliferación;1
peligro;1
presionaremos;1
hijos;1
tendrá;1
imponerles;1
súbditos;1
máximo;1
natalidad;1
podrán;1
superar;1
pena;1
muerte;1
compensará;1
representante;1
puedo;1
personaje;1
inclinándose;1
humildad;1
basta;1
consienta;1
iniciar;1
favor;1
propósito;1
protestar;1
encogiéndose;1
hombros;1
antigüedad;1
ingleses;1
resignarán;1
justo;1
vuelco;1
destino;1
país;1
convertido;1
colonia;1
americana;1
pura;1
locura;1
creído;1
iniciaría;1
antipatriótica;1
doctrina;1
munro;1
[sic];1
colonias;1
convengo;1
cuente;1
consintamos;1
devolverla;1
rehusa;1
rehuso;1
insiste;1
provocaremos;1
casus;1
belli;1
entrevista;1
murmuró;1
abatido;1
reino;1
unido;1
canadá;1
indias;1
rusos;1
australia;1
zelanda;1
mismas;1
gibraltar;1
dieron;1
terminó;1
ademán;1
abandonó;1
sentó;1
sillón;1
ruedas;1
llegó;1
pocos;1
situado;1
extremo;1
servida;1
ocupa;1
alcance;1
dispuesta;1
redondea;1
aparece;1
horaria;1
señora;1
convienen;1
tener;1
comidas;1
encantador;1
almorzar;1
viéndose;1
hablándose;1
fonotelefóticos;1
vacía;1
estará;1
retrasada;1
oh;1
puntualidad;1
mujeres;1
progresa;1
haciéndose;1
justa;1
reflexión;1
personas;1
acomodadas;1
renunciando;1
doméstica;1
alimentación;1
domicilio;1
distribuye;1
manjares;1
clase;1
costoso;1
ventaja;1
suprimir;1
exasperante;1
raza;1
cocineros;1
ambos;1
sexos;1
almuerzó;1
terminando;1
café;1
residencia;1
vienes;1
vaya;1
has;1
vengo;1
sombrerero;1
fascinantes;1
domos;1
cúpulas;1
estaré;1
olvidadiza;1
puedes;1
almuerzo;1
mío;1
tus;1
modelador;1
wormspire;1
acertadamente;1
proclamó;1
"la;1
cuestión;1
formas";1
besó;1
mejilla;1
ventana;1
esperaba;1
adónde;1
aerocochero;1
condúzcame;1
mis;1
fábricas;1
admirable;1
basada;1
pesado;1
lanzó;1
pies;1
desfilaban;1
aceras;1
móviles;1
transportaban;1
peatones;1
recubiertos;1
inmensa;1
telaraña;1
eléctricos;1
utilizado;1
cataratas;1
producir;1
vende;1
alquila;1
consumidores;1
finalizar;1
filadelfia;1
boston;1
dejó;1
muchedumbre;1
espera;1
acechaban;1
regreso;1
concedía;1
solicitantes;1
mendigaban;1
fondos;1
empresarios;1
proponían;1
negocios;1
dignos;1
atendidos;1
escuchar;1
diferentes;1
propuestas;1
elegir;1
rechazar;1
malas;1
examinar;1
dudosas;1
buenas;1
despachó;1
rápidamente;1
aportaban;1
ideas;1
inútiles;1
impracticables;1
revivir;1
pintura;1
arte;1
ángelus;1
millet;1
vender;1
francos;1
color;1
inventada;1
japonés;1
aruziswa;1
riochi;1
nichrome;1
sanjukamboz;1
kio;1
baski;1
kû;1
vuelto;1
popular;1
facilidad;1
encontrado;1
bacilo;1
primigenio;1
inmortal;1
introducido;1
organismo;1
humano;1
caldo;1
bacteriano;1
descubrir;1
éste;1
práctico;1
simple;1
nihilio;1
kilogramo;1
costaba;1
afirmaba;1
aquél;1
osado;1
gente;1
curada;1
aun;1
audaz;1
poseer;1
remedio;1
específico;1
catarro;1
soñadores;1
despedidos;1
prontamente;1
recibieron;1
acogida;1
primeramente;1
amplia;1
anunciaba;1
profunda;1
inteligencia;1
antiguamente;1
calculaban;1
cuerpos;1
simples;1
actualmente;1
punto;1
reducir;1
dinero;1
semanas;1
lisa;1
llanamente;1
determinado;1
absoluto;1
consecuencia;1
creación;1
sencilla;1
materia;1
piedra;1
metal;1
fibrina;1
pretendería;1
fabricar;1
criatura;1
faltará;1
alma;1
span;1
class;1
"texto";1
irónicamente;1
incorporó;1
basándose;1
viejas;1
experiencias;1
databan;1
repetidas;1
muchas;1
desplazar;1
bloque;1
trataba;1
concretamente;1
staaf;1
situada;1
millas;1
transformaría;1
estación;1
balnearia;1
llevada;1
resultaría;1
beneficio;1
terrenos;1
edificados;1
seducido;1
proyecto;1
consintió;1
medias;1
negocio;1
tercer;1
postulante;1
transformadores;1
terrestres;1
hemos;1
uniformar;1
estaciones;1
transformamos;1
disponemos;1
enviamos;1
regiones;1
polares;1
fundirá;1
hielos;1
déjeme;1
planos;1
vuelva;1
semana;1
cuarto;1
apasionaban;1
resuelta;1
misma;1
atrás;1
temeraria;1
experiencia;1
atraído;1
pública;1
partidario;1
convencido;1
posibilidad;1
suspender;1
funciones;1
vitales;1
posteriormente;1
hacerlas;1
renacer;1
cierto;1
decidido;1
experimentar;1
indicado;1
testamento;1
ológrafo;1
maniobras;1
adecuadas;1
volverlo;1
paulatinamente;1
sometido;1
frío;1
172;1
encerrado;1
cripta;1
periodo;1
convenido;1
precisamente;1
plazo;1
expiraba;1
vinieron;1
proponerle;1
esperada;1
impaciencia;1
celebrase;1
salas;1
podría;1
situación;1
propuesta;1
aceptada;1
realizarse;1
tendió;1
reposera;1
audición;1
perilla;1
puso;1
concert;1
ocupada;1
delicia;1
encontró;1
obras;1
músicos;1
basadas;1
sucesión;1
sabias;1
armónico;1
algébricas;1
oscuridad;1
envolvía;1
entregado;1
sueño;1
semiextático;1
daba;1
conmutador;1
inmediatamente;1
sacudida;1
eléctrica;1
producida;1
éter;1
luminoso;1
soy;1
abono;1
anual;1
encuentra;1
lengua;1
observó;1
microscopio;1
pulso;1
sismógrafo;1
parecido;1
registran;1
vibraciones;1
suelo;1
apetito;1
anda;1
envejecido;1
cirugía;1
progresado;1
colocar;1
tenemos;1
estómagos;1
repuesto;1
garantía;1
veremos;1
acompáñeme;1
cenar;1
comida;1
fonotelefótica;1
establecida;1
sentada;1
cena;1
entremezclada;1
chistes;1
fascinante;1
terminaron;1
calculas;1
partir;1
instante;1
aerotren;1
estarás;1
once;1
pierdas;1
submarinos;1
295;1
preferibles;1
000;1
retiró;1
prometido;1
asistir;1
cuentas;1
despacho;1
trata;1
empresa;1
gastos;1
diarios;1
alcanzan;1
afortunadamente;1
moderna;1
facilita;1
notablemente;1
piano;1
calculador;1
acabó;1
tarea;1
hubo;1
golpeado;1
última;1
tecla;1
aparato;1
reclamada;1
experimentación;1
inmediato;1
numeroso;1
cortejo;1
quienes;1
hallaban;1
junto;1
ataúd;1
halla;1
caballetes;1
activa;1
poder;1
seguir;1
fases;1
féretro;1
saca;1
amarillo;1
duro;1
seco;1
suena;1
somete;1
hipnotiza;1
sugestiona;1
vencer;1
ultracataléptico;1
pregunta;1
inclina;1
examina;1
mayor;1
introduce;1
inyección;1
hipodérmica;1
gotas;1
famoso;1
elixir;1
brown;1
séquard;1
momificada;1
nunca;1
responde;1
creo;1
prolongado;1
demasía;1
tenido;1
nefasta;1
hacerse;1
congelar;1
amor;1
ciencia;1
comisión;1
fúnebre;1
paquete;1
parecía;1
fatigado;1
atareada;1
aconsejó;1
tomar;1
acostarse;1
razón;1
repondré;1
completamente;1
ordenar;1
salir;1
preparado;1
molestarme;1
tomarlo;1
fuera;1
mire;1
tocar;1
ponerse;1
movimiento;1
verá;1
presentarse;1
sola;1
agua;1
presionar;1
ruido;1
sordo;1
brotaba;1
crecía;1
intensificaba;1
puertas;1
deslizándose;1
cielos;1
cubre;1
grititos;1
pudor;1
espanto;1
escapan;1
transoceánico;1
26;1
operó;1
estimó;1
beneficios;1
buena;1
ocupación;1
veintinueve;1
2010;1
reservados;1
derechos;1
uso;1
comerciales;1
súmese;1
voluntario;1
donante;1
promover;1
crecimiento;1
virtual;1
ar;1
advierte;1
algún;1
error;1
realizar;1
sugerencia;1
solicitamos;1
visite;1
enlace;1
ar/voluntariosform;1
ar/donac;1
ar/comentario/;1
